2018-04-23 02:43 ~ aursalan,
2018-04-23 02:52 ~ zimoveu.lydmila.1977,
2018-04-23 02:59 ~ nawab1454,
2018-04-23 03:05 ~ jafres666,
2018-04-23 03:52 ~ nargihan.sila1,
2018-04-23 04:24 ~ vikrantsinhmar18,
2018-04-23 04:35 ~ mr__alfuu,
2018-04-23 05:34 ~ alawnehmostafa,
2018-04-23 06:13 ~ reload_varieties,
2018-04-23 23:13 ~ akki_kokare143,
2018-04-23 23:30 ~ puanpuan_cheetah,
2018-04-23 23:37 ~ arjun_malik.rj,
2018-04-23 23:47 ~ forrahaandlemons,
2018-04-23 23:54 ~ yanuwarefendy,
2018-04-24 00:18 ~ hamidkhanmansoori786,
2018-04-24 00:25 ~ santoshdravid,
2018-04-24 00:32 ~ i_love_my_india_army_boy,
2018-04-24 00:40 ~ umeshsawarkar.u,
2018-04-24 00:44 ~ romio_jaat,
2018-04-24 00:50 ~ iamjasminofficial,
2018-04-24 00:55 ~ isakshirawat,
2018-04-24 01:17 ~ nasif_manf,
2018-04-24 01:24 ~ aliiahmed32322017,
2018-04-25 06:53 ~ mjmanasbabu,
2018-04-25 06:57 ~ gowtham.surya.739,
2018-04-25 07:07 ~ adgrizon.05,
2018-04-25 07:31 ~ being_harry_official,
2018-04-25 07:46 ~ vivekchandel293,
2018-04-25 07:52 ~ moody_foody_jyo,
2018-04-25 07:58 ~ vishalkulhariya,
2018-04-25 08:11 ~ riswandha07,
2018-04-25 08:20 ~ its_a_n_a_s_h_,
2018-04-27 21:31 ~ aakash_khatik2888,
2018-04-27 22:17 ~ antonsundar1991,
2018-04-27 22:33 ~ karthik_9994,
2018-04-27 22:37 ~ teamdc12,
2018-04-27 23:26 ~ kaynat_khan143,
2018-04-27 23:30 ~ gur85288,
2018-04-27 23:39 ~ barottarun75,
2018-04-27 23:49 ~ safeed_mohd,
2018-04-28 00:03 ~ sagarchourasia2417,
2018-04-28 00:07 ~ jeetendra_123,
2018-04-28 00:11 ~ dayalgurjar69,
2018-04-28 01:01 ~ alialfartosa,
2018-04-28 01:27 ~ lovedeol3652018,
2018-04-28 01:42 ~ adhikari7075,
2018-04-28 01:53 ~ harsukain,
2018-04-28 02:02 ~ katariahousing,
2018-04-28 02:06 ~ shibayandeb777,
2018-04-28 02:16 ~ parth_parmar99,
2018-04-28 02:22 ~ soni_kishan,
2018-04-28 02:33 ~ aanuj9715,
2018-04-28 02:48 ~ parveen_0018,
2018-04-28 02:56 ~ hkhan342,
2018-04-28 03:52 ~ mageshwaran152092,
2018-04-28 04:20 ~ amitsrivastava2223,
2018-04-28 04:24 ~ smsmandeep_singh_rajputana,
2018-04-28 04:46 ~ sandyagrwal,
2018-04-28 05:13 ~ nawaab.saab.77964,
2018-04-29 10:05 ~ jroy4592,
2018-04-29 10:07 ~ dukiyaa,
2018-04-29 10:22 ~ tejpal_janjua,
2018-04-29 10:25 ~ being.hrutu.official,
2018-04-29 10:29 ~ the_devendra_kanere,
2018-04-29 10:33 ~ surendra_06,
2018-04-29 10:34 ~ aujla_saab1441,
2018-04-29 10:36 ~ kabali_rajanikanth,
2018-04-29 10:52 ~ murahrezeki806,
2018-04-29 10:53 ~ amankumar792,
2018-04-29 10:58 ~ _divyaa_pokale_,
2018-04-29 11:02 ~ mohini.gupta.71271,
2018-04-29 11:05 ~ itzz_official_aryan,
2018-04-29 11:06 ~ rndcdura,
2018-04-29 11:14 ~ khshanto22,
2018-04-29 12:31 ~ sahu6029,
2018-04-29 12:34 ~ this_is_saluja,
2018-04-29 12:39 ~ michael143vri,
2018-04-29 12:42 ~ _studd__,
2018-04-29 12:49 ~ baahuubali,
2018-04-29 12:57 ~ azimdouble001,
2018-04-29 13:04 ~ __dream__jatt___,
2018-04-30 06:43 ~ aman_dhanker,
2018-04-30 06:46 ~ vickyanandofficial,
2018-04-30 06:50 ~ amit_bangarh,
2018-04-30 06:53 ~ shivumyadav,
2018-04-30 07:01 ~ anshulks,
2018-04-30 07:07 ~ dshaw2203,
2018-04-30 07:20 ~ sudiptababu7,
2018-04-30 07:31 ~ sallulover09,
2018-04-30 07:34 ~ aadil_8205,
2018-04-30 07:38 ~ shubhampanwarjaat,
2018-04-30 07:44 ~ pro_editors12,
2018-04-30 08:01 ~ raj._.singh,
2018-04-30 08:02 ~ shubhamsharma9481,
2018-04-30 08:06 ~ sauravkhurud77,
2018-04-30 08:07 ~ aleempnawar,
2018-04-30 11:14 ~ conwatson_,
2018-04-30 11:18 ~ akakucska,
2018-04-30 11:24 ~ souleducationabc,
2018-04-30 11:28 ~ fitfoodthibar,
2018-04-30 11:32 ~ pavanjoshi0408,
2018-04-30 11:36 ~ jackrug8981,
2018-04-30 11:40 ~ sunny_basketball_lover,
2018-04-30 11:49 ~ omprakashsaini2557,
2018-04-30 11:57 ~ bigboy_marc,
2018-04-30 12:00 ~ 570283_deep,
2018-04-30 12:16 ~ udovletvoritel228,
2018-04-30 12:19 ~ myself_abhishek_17,
2018-04-30 12:24 ~ complain_jane,
2018-04-30 12:30 ~ patrickjhurley_,
2018-04-30 12:37 ~ dc_balicki,
2018-04-30 12:44 ~ kashyapankit950,
2018-04-30 12:54 ~ saifalikhan.alikhan,
2018-04-30 13:07 ~ charjun2946,
2018-04-30 13:12 ~ tiwari.shashank,
2018-04-30 13:33 ~ coolsureshsharma777,
2018-04-30 13:45 ~ sharma.vraj,
2018-04-30 13:49 ~ sumit_8766,
2018-04-30 13:56 ~ i_m_piyush_thareja,
2018-05-08 21:05 ~ mohammed_sajid_123,
2018-05-08 21:14 ~ huzaifasiddqui,
2018-05-08 21:18 ~ cem.fit,
2018-05-08 21:38 ~ silver__body,
2018-05-08 21:41 ~ pathankhan77372018,
2018-05-08 21:48 ~ sayyed2851,
2018-05-08 21:56 ~ faran8719,
2018-05-08 21:57 ~ i_am_suraj_tiwari,
2018-05-08 22:22 ~ ohi1086,
2018-05-08 22:30 ~ jhon.dey.14,
2018-05-08 22:33 ~ ramier12,
2018-05-08 22:35 ~ harrymanginelli,
2018-05-08 22:48 ~ call_me_vishi_,
2018-05-08 22:51 ~ gautamkumar7677,
2018-05-08 23:02 ~ m.r_b.a.t.m.a.n,
2018-05-08 23:06 ~ snehasallapam,
2018-05-08 23:10 ~ pratham_banerjee_7s,
2018-05-08 23:36 ~ mr__veg__official,
2018-05-08 23:40 ~ jain893,
2018-05-08 23:41 ~ sandeepgotu,
2018-05-08 23:48 ~ ashwani.chandel.3150,
2018-05-08 23:51 ~ justsakiransari,
2018-05-09 00:09 ~ kachnare.raj,
2018-05-09 00:20 ~ madivalarjun,
2018-05-09 00:24 ~ durgeshjar,
2018-05-09 00:27 ~ sourabhdevadkar,
2018-05-09 00:31 ~ fitnesssocieties,
2018-05-09 00:34 ~ jeeva3523,
2018-05-09 00:36 ~ coach.alaiskas,
2018-05-09 00:39 ~ surajraikw,
2018-05-09 00:45 ~ prateek_1994,
2018-05-09 00:54 ~ ogawax1231,
2018-05-09 00:57 ~ k_usha_agra,
2018-05-09 01:32 ~ nowshu_lz,
2018-05-09 01:36 ~ ayaankhan_kingofheart,
2018-05-09 01:38 ~ nooralam221,
2018-05-09 01:39 ~ fatimazahra6633,
2018-05-09 01:40 ~ waqas068,
2018-05-09 01:45 ~ td_caster.art,
2018-05-09 01:49 ~ shikhajunoon,
