2018-04-19 02:04 ~ _kk._1,
2018-04-19 02:22 ~ ho_lord,
2018-04-19 02:59 ~ jojotheyoungbull,
2018-04-19 03:17 ~ josh_wienerschnitzel,
2018-04-19 03:35 ~ evox_vipera,
2018-04-19 09:30 ~ cuevasalecks,
2018-04-19 11:40 ~ nick.is.not.here,
2018-04-19 12:00 ~ cobblebrute,
2018-04-19 12:05 ~ arnabnaskar,
2018-04-19 12:10 ~ markhairston276,
2018-04-19 12:15 ~ roderickgotmuscles,
2018-04-19 12:49 ~ _davidfv,
2018-04-19 14:01 ~ richmond_performance,
2018-04-19 14:09 ~ msilino,
2018-04-19 22:49 ~ charliehassanfitness,
2018-04-19 23:06 ~ krishouseberg,
2018-04-19 23:10 ~ iamtrevorlang,
2018-04-20 00:33 ~ chrissuchiha,
2018-04-20 20:08 ~ christopher_terese,
2018-04-20 20:25 ~ raptor_7130,
2018-04-20 20:29 ~ arnold_lovers__,
2018-04-20 20:45 ~ cayero_the_king,
