aursalan,
zimoveu.lydmila.1977,
nawab1454,
jafres666,
nargihan.sila1,
vikrantsinhmar18,
mr__alfuu,
alawnehmostafa,
reload_varieties,
akki_kokare143,
puanpuan_cheetah,
arjun_malik.rj,
forrahaandlemons,
yanuwarefendy,
hamidkhanmansoori786,
santoshdravid,
i_love_my_india_army_boy,
umeshsawarkar.u,
romio_jaat,
iamjasminofficial,
isakshirawat,
nasif_manf,
aliiahmed32322017,
mjmanasbabu,
gowtham.surya.739,
adgrizon.05,
being_harry_official,
vivekchandel293,
moody_foody_jyo,
vishalkulhariya,
riswandha07,
its_a_n_a_s_h_,
aakash_khatik2888,
antonsundar1991,
karthik_9994,
teamdc12,
kaynat_khan143,
gur85288,
barottarun75,
safeed_mohd,
sagarchourasia2417,
jeetendra_123,
dayalgurjar69,
alialfartosa,
lovedeol3652018,
adhikari7075,
harsukain,
katariahousing,
shibayandeb777,
parth_parmar99,
soni_kishan,
aanuj9715,
parveen_0018,
hkhan342,
mageshwaran152092,
amitsrivastava2223,
smsmandeep_singh_rajputana,
sandyagrwal,
nawaab.saab.77964,
jroy4592,
dukiyaa,
tejpal_janjua,
being.hrutu.official,
the_devendra_kanere,
surendra_06,
aujla_saab1441,
kabali_rajanikanth,
murahrezeki806,
amankumar792,
_divyaa_pokale_,
mohini.gupta.71271,
itzz_official_aryan,
rndcdura,
khshanto22,
sahu6029,
this_is_saluja,
michael143vri,
_studd__,
baahuubali,
azimdouble001,
__dream__jatt___,
aman_dhanker,
vickyanandofficial,
amit_bangarh,
shivumyadav,
anshulks,
dshaw2203,
sudiptababu7,
sallulover09,
aadil_8205,
shubhampanwarjaat,
pro_editors12,
raj._.singh,
shubhamsharma9481,
sauravkhurud77,
aleempnawar,
conwatson_,
akakucska,
souleducationabc,
fitfoodthibar,
pavanjoshi0408,
jackrug8981,
sunny_basketball_lover,
omprakashsaini2557,
bigboy_marc,
570283_deep,
udovletvoritel228,
myself_abhishek_17,
complain_jane,
patrickjhurley_,
dc_balicki,
kashyapankit950,
saifalikhan.alikhan,
charjun2946,
tiwari.shashank,
coolsureshsharma777,
sharma.vraj,
sumit_8766,
i_m_piyush_thareja,
mohammed_sajid_123,
huzaifasiddqui,
cem.fit,
silver__body,
pathankhan77372018,
sayyed2851,
faran8719,
i_am_suraj_tiwari,
ohi1086,
jhon.dey.14,
ramier12,
harrymanginelli,
call_me_vishi_,
gautamkumar7677,
m.r_b.a.t.m.a.n,
snehasallapam,
pratham_banerjee_7s,
mr__veg__official,
jain893,
sandeepgotu,
ashwani.chandel.3150,
justsakiransari,
kachnare.raj,
madivalarjun,
durgeshjar,
sourabhdevadkar,
fitnesssocieties,
jeeva3523,
coach.alaiskas,
surajraikw,
prateek_1994,
ogawax1231,
k_usha_agra,
nowshu_lz,
ayaankhan_kingofheart,
nooralam221,
fatimazahra6633,
waqas068,
td_caster.art,
shikhajunoon,
