2018-04-09 02:59 ~ cjmelnrick,
2018-04-09 03:09 ~ naivi210,
2018-04-12 01:29 ~ nicemakeupe,
2018-04-12 01:34 ~ maurojcanalep,
2018-04-12 01:55 ~ tufilio,
2018-04-12 02:09 ~ thashwockler,
2018-04-12 02:19 ~ gabydoarrocha,
2018-04-12 10:33 ~ iamdhyani,
2018-04-12 10:43 ~ mtfunow,
2018-04-12 10:52 ~ joltzondeck,
2018-04-12 11:00 ~ thalya_heli,
2018-04-12 11:10 ~ icarle3,
2018-04-19 03:02 ~ joey_eats_donuts,
2018-04-19 03:12 ~ nokno1,
2018-04-19 03:31 ~ streetstaisle,
2018-04-19 03:36 ~ marklobkowicz,
2018-04-19 03:47 ~ d.s.l.r_poses_,
2018-04-19 09:06 ~ triasport33,
2018-04-19 22:42 ~ fit.khan,
2018-04-19 23:02 ~ rohit_dada_gade,
2018-04-19 23:09 ~ andersontargaryen,
2018-04-19 23:23 ~ rsanc33,
2018-04-19 23:38 ~ luis.martinez97gym,
2018-04-19 23:44 ~ anatol.rimbu,
2018-04-20 00:06 ~ kazmierczakk90,
2018-04-20 00:14 ~ gracia_delva,
2018-04-20 00:19 ~ migue_zc,
2018-04-20 00:55 ~ shanescott22,
2018-04-20 00:59 ~ kj__1995,
2018-04-20 01:06 ~ broadstone_racquet_club,
2018-04-20 01:17 ~ evlinis,
2018-04-20 01:28 ~ emerlychristie,
2018-04-20 01:51 ~ _deryugina_,
2018-04-20 02:12 ~ damionhd,
2018-04-20 02:45 ~ sime_thomas,
2018-04-21 19:48 ~ powalifters,
2018-04-21 19:59 ~ patrickm618,
2018-04-21 20:20 ~ dylanlambfit,
2018-04-21 20:30 ~ vasiakovbasa,
2018-04-22 02:51 ~ zednoughtnation,
2018-04-22 03:05 ~ nicholasscalf,
2018-04-22 03:29 ~ djayfreddyb,
2018-04-22 03:54 ~ harsh_harshb,
2018-04-22 04:14 ~ real_chriscross,
2018-04-23 09:55 ~ _ramendra_singh_,
2018-04-23 10:04 ~ official_nitesh00000,
2018-04-23 10:18 ~ shaktisinghchalu12345,
2018-04-23 10:37 ~ knikapar,
2018-04-23 10:53 ~ as_if_.1,
2018-04-23 11:23 ~ jerry_brother17,
2018-04-23 11:47 ~ msmahadev,
2018-04-23 11:51 ~ jacks7187,
2018-04-23 12:13 ~ soham__k__0601,
2018-04-23 12:20 ~ __mr.swag____,
2018-04-23 12:31 ~ ___panno______,
2018-04-23 13:01 ~ badshah_khan_official,
2018-04-23 13:13 ~ manjusinghji1977,
2018-04-23 13:23 ~ nadir_model_999,
2018-04-23 13:47 ~ khansameerofficial,
2018-04-23 13:52 ~ cameron_kramer_26,
2018-04-23 14:05 ~ jeetshah7,
2018-04-23 14:14 ~ mdnooralam916,
2018-04-23 14:38 ~ j.p.v,
2018-04-23 14:51 ~ olya_yako,
2018-04-23 15:05 ~ aryanbhau5,
2018-04-23 15:10 ~ hitesh_111,
2018-04-23 15:18 ~ shahfahad0555,
2018-04-23 16:35 ~ ___mr._y_a_s_h_____,
2018-04-23 16:54 ~ chikuuuuuu.155,
2018-04-25 06:54 ~ prettymablue_412,
2018-04-25 07:08 ~ fennytyrell,
2018-04-25 15:47 ~ smt_fitness,
2018-04-25 15:53 ~ d_a_n_i_e_l.s,
2018-04-25 16:00 ~ smartass0805,
2018-04-25 16:03 ~ the.erds,
2018-04-25 16:14 ~ gamegazza1,
2018-04-25 16:39 ~ sanjo_vs,
2018-04-25 16:54 ~ mcglinomess,
2018-04-25 17:22 ~ matin_thr_sl,
2018-04-25 18:07 ~ savatbekov_tokmanbet,
2018-04-25 18:24 ~ kevalcharla,
2018-04-26 10:45 ~ notenukem,
2018-04-26 11:08 ~ holymutha,
2018-04-26 11:13 ~ e_t_y2,
2018-04-26 11:46 ~ marco_th06,
2018-04-26 11:59 ~ mohamed.mottlany,
2018-04-26 12:15 ~ isolated_soul786,
2018-04-26 12:35 ~ joseph_mascolino,
2018-04-26 13:20 ~ leafarmontiel,
2018-04-26 13:34 ~ charanjeetsingh15866,
2018-04-26 14:04 ~ heavy_d_84,
2018-04-27 10:01 ~ bhardwaj2984,
2018-04-27 11:42 ~ preet_singh089,
2018-04-27 11:46 ~ koli8830,
2018-04-27 12:34 ~ ricky_ca,
2018-04-27 12:56 ~ bikiakram7,
2018-04-27 13:06 ~ saahill._,
2018-04-27 13:28 ~ v_i_s_h_a_l_76,
2018-04-27 13:39 ~ _love_rudrakash_fanpage_,
2018-04-27 13:57 ~ anki9513,
2018-04-27 15:35 ~ utkarshthakur0003_,
2018-04-27 15:46 ~ harsahib9796,
2018-04-27 15:54 ~ mokh_duvar_singh,
2018-04-27 16:49 ~ pankaj_minj,
2018-04-27 16:59 ~ ch_arun_bidhuri,
2018-04-27 17:09 ~ sonu1018,
2018-04-27 17:20 ~ ranjanlakkawar,
2018-04-27 17:49 ~ aru_a7,
2018-04-28 00:45 ~ _ayuuush_,
2018-04-28 00:55 ~ praveshpatels,
2018-04-28 01:25 ~ sudeep_official_007,
2018-04-28 01:50 ~ ii_vishal,
2018-04-28 02:01 ~ sanchukadamsk3456,
2018-04-28 02:18 ~ bespokeanant,
2018-04-28 02:22 ~ official_abhimanyu__,
2018-04-28 02:46 ~ abhiseckhazarika,
2018-04-28 02:53 ~ pranay_pranku_barua,
2018-04-28 03:01 ~ men_crucials,
2018-04-28 03:26 ~ manavxgharat,
2018-04-28 03:38 ~ singh1vicky2013,
2018-04-28 03:55 ~ gouravghosh168.gg,
2018-04-28 04:08 ~ rhea_acharya,
2018-04-28 04:23 ~ vikasraut008,
2018-04-28 04:34 ~ _chikoo_goswami,
2018-04-28 05:10 ~ adhishpednekar,
2018-04-28 05:55 ~ nevan_mascarenhas,
2018-04-28 06:06 ~ sierra_tango320,
2018-04-28 06:53 ~ vinaysoni8088,
2018-04-28 07:36 ~ tahilianigaurav,
2018-04-28 07:59 ~ hassan__405,
2018-04-29 01:14 ~ rowahi_melishka9350,
2018-04-29 01:21 ~ vinu_radhakrishnan,
2018-04-29 01:32 ~ farzaddd.h439,
2018-04-29 01:38 ~ anujagupta20,
2018-04-29 01:50 ~ imrankhan1063,
2018-04-29 09:54 ~ shokin_munde_kudiya,
2018-04-29 10:01 ~ officials_munde_kudiya,
2018-04-29 10:05 ~ pavanjatt_,
2018-04-29 10:08 ~ azimdouble001,
2018-04-29 10:25 ~ anuragsingh.28,
2018-04-29 10:42 ~ maskgainers,
2018-04-29 11:07 ~ nimmasingh5560,
2018-04-29 11:08 ~ ismailzabiull3860,
2018-04-29 11:09 ~ hasanbingoel,
2018-04-29 12:11 ~ neerajmadaan143,
2018-04-29 12:15 ~ abhijeet_9699,
2018-04-29 12:22 ~ tofik_ali_21,
2018-04-29 12:25 ~ sagarkhairnar5273,
2018-04-29 12:47 ~ rahulparmar.143,
2018-04-29 18:24 ~ official_jubin_saha,
2018-04-29 18:28 ~ ravimishra3348,
2018-04-29 18:36 ~ amazon_go_prime,
2018-04-29 18:37 ~ wendy2505h,
2018-04-29 18:58 ~ mobeen_shaikh43,
2018-04-29 19:01 ~ kalsh97,
2018-04-29 19:08 ~ im_amit007,
2018-04-29 19:12 ~ julius_hemmes,
2018-04-29 19:50 ~ alexmaau,
2018-04-29 19:53 ~ narender_rajawat_rj,
2018-04-29 20:01 ~ pravin_chinkure,
2018-04-29 20:12 ~ rao._himanshu,
2018-04-29 20:22 ~ komailmoheby,
2018-04-29 20:31 ~ the_monster_singh,
2018-04-29 20:38 ~ mayankthakur2592000,
2018-04-29 21:03 ~ indian_fitnessworld,
2018-04-29 21:08 ~ _abhixhek,
2018-04-29 21:12 ~ sameelmajeed,
2018-04-29 21:16 ~ asif_khan_1_,
2018-04-29 21:20 ~ madridista_ritesh_7,
2018-04-29 21:23 ~ sdsameer7989,
2018-04-29 21:31 ~ zubairedward,
2018-04-29 23:01 ~ rafawaka,
2018-04-29 23:02 ~ huypham25,
2018-04-29 23:27 ~ joelrangel8802,
2018-04-29 23:31 ~ wasil_raza_official,
2018-04-29 23:39 ~ fyrrbreether,
2018-04-29 23:42 ~ antonmarku,
2018-04-30 00:02 ~ justyoufitnesswinstonsalem,
2018-04-30 00:17 ~ _one__nd__only_,
2018-04-30 00:24 ~ ali_hamza9351,
2018-04-30 00:28 ~ sniper_swapnil,
2018-04-30 00:35 ~ manmohanbalaji,
2018-04-30 00:42 ~ deepakyadav025,
2018-04-30 00:53 ~ franciny9,
2018-04-30 01:13 ~ biggolferguy,
2018-04-30 01:24 ~ china.hughes_cunningham.734,
2018-04-30 01:32 ~ rajnikant_rudra,
2018-04-30 01:40 ~ martinstief95,
2018-04-30 01:42 ~ whiteflagfitness,
2018-04-30 01:50 ~ jj.pauley,
2018-04-30 01:58 ~ kito72,
2018-04-30 02:02 ~ patbruoba,
2018-04-30 02:07 ~ schatt7,
2018-04-30 02:18 ~ geodaoudfit,
2018-04-30 02:25 ~ homer_jay_cutler,
2018-04-30 02:35 ~ burhan.0404,
2018-04-30 02:39 ~ xavierquimbo,
2018-04-30 02:42 ~ fffffooooooood,
2018-04-30 02:51 ~ avi._.k12,
2018-04-30 02:52 ~ nisarnawabs786,
2018-04-30 02:55 ~ shreyas_269,
2018-04-30 03:02 ~ watershasta,
2018-04-30 03:06 ~ richard_morris22,
2018-04-30 03:08 ~ ukgurl_,
2018-04-30 03:19 ~ anh_aesthetic,
2018-04-30 03:24 ~ comeonyousonofabitch,
2018-04-30 03:26 ~ evergreenoriginals,
2018-04-30 03:42 ~ javiersebastian78,
2018-04-30 03:45 ~ the.nick.brown,
2018-04-30 03:48 ~ ruaridh_beaton,
2018-04-30 03:57 ~ tomemvc,
2018-04-30 06:55 ~ the_memelord_88,
2018-04-30 07:05 ~ aaron.holowaty,
2018-04-30 07:14 ~ fitnessden,
2018-04-30 07:21 ~ totohebert,
2018-04-30 07:24 ~ luuuf.yy,
2018-04-30 07:54 ~ culturatesociety,
2018-04-30 07:58 ~ jake_houle,
2018-04-30 08:01 ~ m1akel,
2018-04-30 08:10 ~ emmdombrowski,
2018-04-30 08:20 ~ _lux_skywalker,
2018-04-30 08:27 ~ hinu2140,
2018-04-30 08:34 ~ theresaaacaruso,
2018-04-30 08:51 ~ jwooki,
2018-04-30 08:57 ~ jeltevanderwoude,
2018-04-30 09:02 ~ chinorromero,
2018-04-30 09:07 ~ ceeentzzz,
2018-04-30 09:13 ~ triciaduren,
2018-04-30 09:18 ~ aj26point_2,
2018-04-30 09:25 ~ john.xatzigewrgiou,
2018-04-30 09:28 ~ is_benny_,
2018-04-30 09:32 ~ jameshughes256,
2018-04-30 11:14 ~ pri_nce_pavan,
2018-04-30 11:17 ~ rammohanjoshi66,
2018-04-30 11:22 ~ healthfitness2880,
2018-04-30 11:29 ~ siddhant_charan,
2018-04-30 11:36 ~ sri.rekha.9699,
2018-04-30 11:37 ~ so.nu4672,
2018-04-30 11:56 ~ official_mukku0210,
2018-04-30 12:04 ~ vickyj1609,
2018-05-03 16:35 ~ imkjoffical,
2018-05-03 16:38 ~ nakul9942,
2018-05-03 16:43 ~ cerebro._,
2018-05-03 16:47 ~ _im_druv,
2018-05-05 22:33 ~ rahul.verma07,
2018-05-05 22:42 ~ vishal__kumar3,
2018-05-05 22:51 ~ dheerajchauhan_,
2018-05-05 22:54 ~ compassionate_ravi,
2018-05-05 23:15 ~ aashna_rawatt,
2018-05-05 23:22 ~ kabirkabi,
2018-05-05 23:35 ~ ajaybir_singh_pandher,
2018-05-05 23:38 ~ 15._.saad,
2018-05-05 23:42 ~ tommarov.never.dies,
2018-05-05 23:56 ~ rodo_caponera,
2018-05-05 23:59 ~ akashwawre,
2018-05-06 00:02 ~ fayyazsilawat,
2018-05-06 00:14 ~ nilesh_gagade__,
2018-05-06 00:19 ~ avdhutmahadik,
2018-05-06 00:26 ~ _biki_7687,
2018-05-06 00:28 ~ gopalpathakoficial,
2018-05-06 00:30 ~ avinashsingh_803213,
2018-05-06 00:36 ~ salmanrahman_srz,
2018-05-06 00:52 ~ hippie.hop,
2018-05-06 00:54 ~ seanpgxtadams28,
2018-05-06 01:08 ~ sauravkhurud77,
2018-05-06 01:11 ~ ankushsaygan,
2018-05-06 01:26 ~ ucf7tt6f5f555,
2018-05-06 01:31 ~ i_am_sayed_arshad,
2018-05-06 01:34 ~ indian_young_stars,
2018-05-06 19:15 ~ avery.garza,
2018-05-06 20:08 ~ akashkhatri3584,
2018-05-06 20:13 ~ harshmishra8132,
2018-05-06 20:15 ~ shra_ddhaa,
2018-05-06 20:26 ~ rinku5932,
2018-05-06 20:52 ~ shaheerhassan.123,
2018-05-06 21:02 ~ beardedbhandari,
2018-05-06 21:12 ~ dangatkunal,
2018-05-06 21:17 ~ dipak.ahire.10,
2018-05-06 21:42 ~ salman149766,
2018-05-06 21:48 ~ mallugraphy_,
2018-05-06 21:52 ~ william_bst,
2018-05-06 22:02 ~ gautam.sahu.5891004,
2018-05-06 22:11 ~ loganjohn3,
2018-05-06 22:15 ~ tapto.get20kfollowers10,
2018-05-06 22:16 ~ omaraamr39,
2018-05-06 22:27 ~ irfanmirza8061,
2018-05-06 22:30 ~ __.shredded_animal.__,
2018-05-06 22:57 ~ purav.sachdev,
2018-05-06 22:59 ~ ravindrakayande,
2018-05-06 23:00 ~ rahulnaamtosunahogaji,
2018-05-06 23:08 ~ kabirbhakuni,
2018-05-06 23:18 ~ iamravneetchadha,
2018-05-07 01:03 ~ qhysique,
2018-05-07 01:05 ~ courtfitcourt,
2018-05-07 01:21 ~ kingblk1,
2018-05-07 01:27 ~ _____n.o.v.a_____,
2018-05-07 01:31 ~ _samy_22_00,
2018-05-07 01:35 ~ franco_edwards,
2018-05-07 01:42 ~ jaspreet4452,
2018-05-07 01:44 ~ banoth875,
2018-05-07 01:52 ~ hellodhiraj2016,
2018-05-07 02:15 ~ lorenzo_andreatta,
2018-05-07 02:28 ~ wasim2956,
2018-05-07 02:50 ~ dhansingh9778,
2018-05-07 02:52 ~ salman_schwizneger,
2018-05-07 03:01 ~ grailfitness,
2018-05-07 03:03 ~ pakito_ftw,
2018-05-07 03:06 ~ s_ofe7,
2018-05-07 03:20 ~ theofficialrahuld,
2018-05-07 03:34 ~ ageman.kdr,
2018-05-07 03:44 ~ juke1968,
2018-05-07 03:47 ~ ljblymrn,
2018-05-07 04:13 ~ sid.corsa,
2018-05-07 04:19 ~ _meerra29_,
2018-05-07 04:20 ~ mardan_mhemed,
2018-05-07 04:23 ~ javvadkhanyusufzai,
2018-05-07 04:27 ~ shop.spend.repeat,
2018-05-07 04:31 ~ anmolsingla933,
2018-05-07 05:34 ~ thompson_athletics,
2018-05-07 05:44 ~ irosunn,
2018-05-07 05:49 ~ cbrown_nextrung,
2018-05-07 05:53 ~ rneto.78,
2018-05-07 05:56 ~ cw_ty1023,
2018-05-07 06:16 ~ dominic_schmetz,
2018-05-07 06:26 ~ himanshu_27o6,
2018-05-07 06:29 ~ sunil016,
2018-05-07 06:42 ~ ishhyoboysaa,
2018-05-07 06:43 ~ mr.oyehello,
2018-05-07 07:09 ~ kashish9244,
2018-05-07 07:17 ~ soupticksarkar,
2018-05-07 07:23 ~ iamaakashh_,
2018-05-07 07:38 ~ gajendrakushwaha.gk,
2018-05-07 07:50 ~ tapadar.705,
2018-05-07 08:02 ~ mohameddj2011,
2018-05-07 08:09 ~ samyuktisharma,
2018-05-07 08:21 ~ wlcmtovijjuworld,
2018-05-07 08:24 ~ amt_kumr,
2018-05-07 08:27 ~ mudavath_srikanth,
2018-05-07 08:37 ~ sultan.sarfraz,
2018-05-07 08:43 ~ d_basu_dev_rao_143,
2018-05-07 08:46 ~ sahil_ansrei,
2018-05-07 09:00 ~ prajapati__aayush__000,
2018-05-07 09:04 ~ hirak.jyoti.nath,
2018-05-07 09:14 ~ mensfitnessequipment,
2018-05-07 09:28 ~ samirdas8293,
2018-05-07 09:38 ~ bhupendravishwakar,
2018-05-07 09:42 ~ lifelibertyfitness,
2018-05-07 09:45 ~ willyfogcat,
2018-05-07 09:53 ~ majoka_ravi,
2018-05-07 10:00 ~ iftekhar7935,
2018-05-07 10:06 ~ allan.rvz,
2018-05-07 10:09 ~ gurjot_chakar,
2018-05-07 10:14 ~ vishalrg09,
2018-05-07 10:17 ~ _mayank_4322,
2018-05-07 10:22 ~ raghurathora5555,
2018-05-07 10:29 ~ anilsingh2332,
2018-05-07 10:49 ~ anilmatwaya,
2018-05-07 10:57 ~ santii_velez_,
2018-05-07 11:13 ~ ahmad.alhout.078,
2018-05-07 11:14 ~ kaim.saini,
2018-05-07 11:16 ~ gokul.koli.7127146,
2018-05-07 11:33 ~ mike_bdeiwi,
2018-05-07 11:40 ~ carey_welder,
2018-05-07 12:00 ~ grandprix4life,
2018-05-07 12:02 ~ jawarren13,
2018-05-07 12:12 ~ isaiah1515,
2018-05-07 12:16 ~ big_d_bags,
2018-05-07 12:28 ~ solankitanuj,
2018-05-07 12:31 ~ mr_d.cent_ashraf,
2018-05-07 12:44 ~ mr_maq25896,
                                       2018-05-08 07:20 ~ strawstack_shortberry,
2018-05-08 07:27 ~ marionsblount,
2018-05-08 07:31 ~ _lancemconrad,
2018-05-08 07:33 ~ cest_la_vie_poubelle,
2018-05-08 07:35 ~ rwillis_fabio,
2018-05-08 07:38 ~ hedgehog.landmine,
2018-05-08 07:46 ~ deytonthepoolguy,
2018-05-08 07:56 ~ irondawgz_training_academy,
2018-05-08 08:17 ~ zuber_20_7,
2018-05-08 08:19 ~ virender7349,
2018-05-08 08:22 ~ bornto54,
2018-05-08 08:26 ~ umair_uddhin,
2018-05-08 08:39 ~ sajidtamboli115,
2018-05-08 08:50 ~ jacorojas,
2018-05-08 09:09 ~ rohit_mitkari,
2018-05-08 09:17 ~ amitoppo82182018,
2018-05-08 09:18 ~ p_i_u7,
2018-05-08 09:28 ~ rochelle_santimano,
2018-05-08 09:40 ~ rathod.alpesh1984,
2018-05-08 10:01 ~ debojyotimozumder,
2018-05-08 10:06 ~ shettypramit,
2018-05-08 10:11 ~ atul_._._10,
2018-05-08 10:12 ~ anonim441137,
2018-05-08 10:17 ~ nkul7531,
2018-05-08 21:03 ~ rugved.m,
2018-05-08 21:11 ~ rachanatrivedi94261,
2018-05-08 21:19 ~ imshob,
2018-05-08 21:32 ~ asif.7144,
2018-05-08 21:40 ~ bardhanrohan,
2018-05-08 21:43 ~ _.its_ankit_,
2018-05-08 21:51 ~ gsdongre,
2018-05-08 21:57 ~ thisizankush,
2018-05-08 22:19 ~ chiragdhawan16,
2018-05-08 22:30 ~ mr.d3023,
2018-05-08 22:33 ~ v_e_e_resh,
2018-05-08 22:46 ~ kchaudhari662,
2018-05-08 23:00 ~ official_mangat777,
2018-05-08 23:02 ~ jain893,
2018-05-08 23:07 ~ om.shivaay__the.secret.zodiac,
2018-05-08 23:12 ~ farrukhjon5800,
2018-05-08 23:16 ~ nails.by.gulya,
2018-05-08 23:53 ~ aktasmhmd,
2018-05-09 00:10 ~ _desi_gurjar_official,
2018-05-09 00:13 ~ rohitmalkute_1,
2018-05-09 00:36 ~ ben_yart,
2018-05-09 00:38 ~ endjoin,
2018-05-09 00:41 ~ avtar_singh_sohi,
2018-05-09 00:45 ~ gurjin0,
2018-05-09 00:48 ~ rajat_verma9999,
2018-05-09 01:18 ~ lilianacarrasco3694,
2018-05-09 01:20 ~ tobysweigart,
2018-05-09 01:30 ~ k.z_the_lifter,
2018-05-09 01:34 ~ duhastmichgejagt,
2018-05-09 01:43 ~ ziko1996_alehiane,
2018-05-09 01:47 ~ 1991jessiegirl,
2018-05-09 02:08 ~ achourdalel,
2018-05-09 02:22 ~ protectyre,
2018-05-09 02:24 ~ rio_raj_and_rachita_fanpage,
2018-05-09 02:44 ~ attahkhan_yousafzai,
2018-05-09 02:52 ~ ikkuz_habi,
2018-05-09 02:55 ~ vaibhav__haldipur,
2018-05-09 02:58 ~ miraimran1,
2018-05-09 03:00 ~ mirxa_hayyan26,
2018-05-09 03:02 ~ david.stu_,
2018-05-09 03:05 ~ ahr.familv,
2018-05-09 03:06 ~ patni.aman5,
2018-05-09 03:12 ~ rishabhrkothari,
2018-05-09 03:14 ~ dey_call_me_fagare,
2018-05-09 03:16 ~ rozzes.ill,
2018-05-09 03:18 ~ malinimukherjee,
2018-05-09 03:27 ~ kalise._.2018,
2018-05-09 03:28 ~ issac._.007,
2018-05-09 03:30 ~ king_shah_007,
2018-05-09 03:33 ~ wanderlust_cate,
2018-05-09 03:36 ~ shafinwahid,
2018-05-09 03:38 ~ gallery_29mlg,
2018-05-09 03:41 ~ it_s_krish_n,
2018-05-09 06:27 ~ boneysohal,
2018-05-09 06:44 ~ that_one_kid_kollie,
2018-05-09 06:49 ~ abisam_b,
2018-05-09 06:53 ~ hejal_rao,
2018-05-09 07:08 ~ preet_jashan_13,
2018-05-09 07:18 ~ ahmedrayhan37,
2018-05-09 07:19 ~ hsrpp92,
2018-05-09 07:21 ~ sayed_wasim21,
2018-05-09 07:28 ~ ashirbaig,
2018-05-09 07:38 ~ gym__killer,
2018-05-09 07:47 ~ narguilheiiro_hookah,
2018-05-09 07:49 ~ shraddha_donode_30,
2018-05-09 07:51 ~ mohitgujjar5475,
2018-05-09 08:00 ~ nandish_choudhary,
2018-05-09 08:10 ~ narinder4185,
2018-05-09 08:16 ~ ashu_577,
2018-05-09 08:17 ~ albertijuanmanuel,
2018-05-09 08:18 ~ dropkcalb,
2018-05-09 08:30 ~ adessarenae,
2018-05-09 08:34 ~ ben_royalrajput,
2018-05-09 08:37 ~ adarshbisht_1,
2018-05-09 08:48 ~ srabani_samanta,
2018-05-09 08:51 ~ sahrif._nawaz,
2018-05-09 09:00 ~ lovesamuelsson3,
2018-05-09 09:01 ~ knight18_,
2018-05-09 09:03 ~ realgalinganchev,
2018-05-09 09:05 ~ veeru_khare,
2018-05-09 09:10 ~ gnarlynick666,
2018-05-09 09:12 ~ formula_dee,
2018-05-09 09:14 ~ future_scientist_0_00,
2018-05-09 09:20 ~ emilylifting,
2018-05-09 09:22 ~ _dr.jamy_,
2018-05-09 09:28 ~ mehroz.khan,
2018-05-09 09:33 ~ crazyivan2112,
2018-05-09 09:36 ~ hunter.richie,
2018-05-09 09:41 ~ duhastmichgejagt,
2018-05-09 09:45 ~ amuhammad___,
2018-05-09 09:50 ~ thismandreams,
2018-05-09 09:51 ~ john_hannon20,
2018-05-09 09:57 ~ j0n_c_r,
2018-05-09 10:01 ~ christianblair9,
2018-05-09 10:04 ~ super_massaj,
2018-05-09 10:09 ~ samim8748,
2018-05-09 11:54 ~ pankku_1993,
2018-05-09 14:23 ~ kundan_sinhaa,
2018-05-09 14:27 ~ am.prab,
2018-05-09 14:33 ~ dipak____.786,
2018-05-09 14:35 ~ my_self_deepak_prajapat,
2018-05-09 14:37 ~ danish_riz.v,
2018-05-09 14:42 ~ seetha.kali,
2018-05-09 14:44 ~ a.y.u.s.h.4,
2018-05-09 14:46 ~ kirankumarnaidu41,
2018-05-09 14:47 ~ pukhrajsingh000,
2018-05-09 14:53 ~ realhanz.men,
2018-05-09 14:58 ~ kabirkhan6444,
2018-05-09 14:59 ~ kendy_lou,
2018-05-09 15:10 ~ ishqbaaz_7086,
2018-05-09 15:12 ~ _ibrahim007,
2018-05-09 15:15 ~ faiz_officil_786,
2018-05-09 15:25 ~ diajeet_singh,
2018-05-09 15:34 ~ davani_exercise_physiology1,
2018-05-09 15:38 ~ 00_pvn,
2018-05-09 15:40 ~ khipalmandeep,
2018-05-09 15:42 ~ _____arnav03,
2018-05-09 15:47 ~ dashing_a_mit_,
2018-05-09 15:55 ~ fit.marcelus_79,
2018-05-09 15:59 ~ rathod.haresh.5437,
2018-05-09 16:12 ~ yadavrahul14,
2018-05-09 16:14 ~ jai_rao8055,
2018-05-09 16:18 ~ zaricollections,
2018-05-09 16:36 ~ kunal____i__am,
2018-05-09 16:38 ~ akshay.tiwari.904750,
2018-05-09 16:46 ~ singhgagandeep387,
2018-05-09 16:48 ~ lakshayjeetsinghsura,
2018-05-09 16:51 ~ shavez4164,
2018-05-09 16:56 ~ sain_ahamad,
2018-05-09 17:06 ~ iashish_bisht,
2018-05-09 17:12 ~ dragon1s.321,
2018-05-09 18:42 ~ debangshu.g,
2018-05-09 18:43 ~ prince_of_royall_king,
2018-05-09 18:46 ~ azucena_maquez_crs,
2018-05-09 18:52 ~ ro.hit7201,
2018-05-09 18:54 ~ luisadrian.97,
2018-05-09 19:00 ~ anoop14695,
2018-05-09 19:04 ~ spatil_0_17_09_97,
2018-05-09 19:07 ~ jonnykumar2,
2018-05-09 19:15 ~ sreten_acimovic,
2018-05-09 19:18 ~ anac_mk,
2018-05-09 19:20 ~ sim_simma_boi,
2018-05-09 19:28 ~ arhan6859,
2018-05-09 19:35 ~ gregpapania,
2018-05-09 19:42 ~ beenod_vinod,
2018-05-09 19:45 ~ joel.lurdhuraj,
2018-05-09 19:51 ~ uveasqureshi,
2018-05-09 19:53 ~ hunk_.__,
2018-05-09 19:58 ~ davidbadgujar,
2018-05-09 20:07 ~ jeeva3523,
2018-05-09 20:20 ~ murtaza2093,
2018-05-09 20:22 ~ rohitranhotra,
2018-05-09 20:34 ~ shaika4923,
2018-05-09 20:37 ~ bansodekeval,
2018-05-09 20:42 ~ kaushikdeepak620,
2018-05-09 20:44 ~ beinstinctiveltd,
2018-05-09 20:47 ~ solitary_social_recluse,
2018-05-09 20:55 ~ __anugrah_______,
2018-05-09 21:01 ~ gdp_marathi_shoutout,
2018-05-09 21:03 ~ ch_kunalmasand,
2018-05-09 21:07 ~ numeshdhok,
2018-05-09 21:10 ~ mr_ashish_pawar,
2018-05-09 21:21 ~ blessy14,
2018-05-09 21:50 ~ shivam_fk2,
2018-05-09 22:00 ~ drukendriod,
2018-05-09 22:03 ~ reallysupremeur,
2018-05-09 22:04 ~ gangwar_pramod,
2018-05-09 22:10 ~ texasjamdhdet.j,
2018-05-09 22:11 ~ mr._shakir____,
2018-05-09 22:15 ~ one_love_mahadev_mahakal,
2018-05-09 22:27 ~ parthdeshmukh_4,
2018-05-09 22:34 ~ jasbir1998,
2018-05-09 22:36 ~ akkijamdare,
2018-05-09 22:40 ~ randeepkang,
2018-05-09 22:55 ~ iyappareddy,
2018-05-09 22:59 ~ muvewithstyle,
2018-05-09 23:02 ~ rashmimnair,
2018-05-09 23:03 ~ sameer_ji20,
2018-05-09 23:05 ~ mahesh.dudhal,
2018-05-09 23:07 ~ priyankasoni13,
2018-05-09 23:12 ~ ex_clu_sive_9111,
2018-05-09 23:14 ~ hamnaali5544,
2018-05-09 23:16 ~ eze_rodriguez249,
2018-05-09 23:32 ~ camsgymlife,
2018-05-09 23:35 ~ dmitryaesthetic,
2018-05-09 23:39 ~ khumoiunegamov,
2018-05-09 23:42 ~ acid.snow,
2018-05-09 23:44 ~ iura.nalivaiko,
2018-05-09 23:49 ~ lukyanwiazowski,
2018-05-10 00:01 ~ mr_wow1232,
2018-05-10 00:03 ~ ali.mohammed79,
2018-05-10 00:05 ~ shahnawazqureshi2454,
2018-05-10 00:09 ~ manny_bhola,
2018-05-10 00:11 ~ k.rawal.56,
2018-05-10 00:12 ~ _varga_miki_,
2018-05-10 00:48 ~ anuj.111,
2018-05-10 00:50 ~ aliana_52,
2018-05-10 00:51 ~ asia.gls,
2018-05-10 00:54 ~ jaisalmerian_boy,
2018-05-10 00:57 ~ yq_emotionalsoul,
2018-05-10 00:59 ~ ramgopal_drivedi_,
2018-05-10 01:09 ~ myplatformq,
2018-05-10 01:15 ~ omtylx_,
2018-05-10 01:22 ~ jhallidayfit,
2018-05-10 01:32 ~ akshat_9211,
2018-05-10 01:35 ~ cleitodesouza,
2018-05-10 01:37 ~ se.4895,
2018-05-10 01:40 ~ arshadali6039,
2018-05-10 01:41 ~ vikrant.sonar,
2018-05-10 01:54 ~ quotes4win,
2018-05-10 02:00 ~ sumit.gohar.7503,
2018-05-10 02:04 ~ likefollowsdv,
2018-05-10 02:15 ~ emily_clarke_x,
2018-05-10 02:24 ~ amit_ingale,
2018-05-10 02:28 ~ ismail.zd,
2018-05-10 02:47 ~ houssem.baccouche2,
2018-05-10 02:49 ~ moin.sheakh.9,
2018-05-10 02:52 ~ davidburgos.photo,
2018-05-10 02:57 ~ nba_highlights_nation,
2018-05-10 03:08 ~ shamkhalid5380,
2018-05-10 03:24 ~ dreaderic,
2018-05-10 06:35 ~ mr.tushar_bhatiya,
2018-05-10 06:41 ~ vandana_chauhan1104,
2018-05-10 06:44 ~ nuratika028,
2018-05-10 06:48 ~ j_s_b_007notorious,
2018-05-10 06:59 ~ sukh_malkane_ala,
2018-05-10 07:07 ~ deepstoriesafrica,
2018-05-10 07:12 ~ ravnesh00,
2018-05-10 07:21 ~ im_jagi_sidhu,
2018-05-10 07:28 ~ _saurabh7_,
2018-05-10 07:30 ~ palash6308,
2018-05-10 07:35 ~ fitnesswithcrunch,
2018-05-10 07:42 ~ royalrk5,
2018-05-10 07:49 ~ salehashaikh3,
2018-05-10 07:58 ~ x.mostafa27,
2018-05-10 08:06 ~ prafull.7,
2018-05-10 08:10 ~ rajveersingh8367,
2018-05-10 08:12 ~ ravi.rushi.549,
2018-05-10 08:13 ~ _bittu_official_,
2018-05-10 08:25 ~ andrezora,
2018-05-10 08:27 ~ act_of_shyam__,
2018-05-10 08:34 ~ known_as_mandliya,
2018-05-10 08:46 ~ amolbachhav5,
2018-05-10 08:59 ~ nam_nguyen_24_4,
2018-05-10 09:04 ~ being_mohan009,
2018-05-10 09:07 ~ ju_lianpross,
2018-05-10 09:13 ~ allan.rvz,
2018-05-10 09:33 ~ niku.nath.56,
2018-05-10 09:46 ~ cookonut,
2018-05-10 09:48 ~ bmounphosay,
2018-05-10 09:52 ~ zmkhan6789,
2018-05-10 10:03 ~ matttaylor04,
2018-05-10 10:07 ~ bjohnsxn,
2018-05-10 10:14 ~ pandey.kd,
2018-05-10 10:33 ~ official_ashu,
2018-05-10 10:46 ~ sutharbharats,
2018-05-10 10:48 ~ rezende13mara,
2018-05-10 10:52 ~ pratikshakoch,
2018-05-10 10:54 ~ adnan007ak,
2018-05-10 10:58 ~ anis___an__official,
2018-05-10 11:03 ~ mesutofficial01,
2018-05-10 11:05 ~ arabianspartan,
2018-05-10 11:11 ~ dank_fortnite_meme,
2018-05-10 11:17 ~ antonykunjappu,
2018-05-10 11:19 ~ deepakpatra0030,
2018-05-10 11:21 ~ cardos_dan,
2018-05-10 11:25 ~ rejimonramakrishnan,
2018-05-10 11:43 ~ bhaumik.leuva07,
2018-05-10 12:06 ~ kishbond,
2018-05-10 12:07 ~ lucky_banjara1234,
2018-05-10 12:16 ~ ad_arhaan,
2018-05-10 12:23 ~ historical_gurudwaras,
2018-05-10 12:28 ~ mbenguembooro,
2018-05-10 12:31 ~ saifbhai9,
2018-05-10 12:33 ~ rudrapratap.jain754,
2018-05-10 12:34 ~ rohit_dayal_17502,
2018-05-10 12:36 ~ ummuhaula_,
2018-05-10 12:37 ~ gautam__tadvi,
2018-05-10 12:41 ~ aditya__patil_143,
2018-05-10 12:44 ~ sasimranjitsingh,
2018-05-10 12:47 ~ _hemya_kadolkar_143,
2018-05-10 12:53 ~ _czy_xk,
2018-05-10 12:55 ~ rahulgarg1216,
2018-05-10 12:58 ~ thebakingtray_au,
2018-05-10 13:00 ~ samu_ardo,
2018-05-10 13:08 ~ all_types_of_tshirts,
2018-05-10 13:10 ~ gurungc1,
2018-05-10 13:17 ~ hrithikbansode7,
2018-05-10 13:23 ~ nirmaldezz,
2018-05-10 13:35 ~ kapil_satramwar,
2018-05-10 13:41 ~ _._.r.i.s.h.i._._,
2018-05-10 13:58 ~ _chadl3y,
2018-05-10 14:06 ~ rohanrajurkar,
2018-05-10 14:24 ~ manishsahu2018,
2018-05-10 14:25 ~ fatumo_hussein,
2018-05-10 14:27 ~ i_t_s_jst_m_e_l,
2018-05-10 14:33 ~ dimplemohindru9974,
2018-05-10 14:37 ~ oye___abhi___tu,
2018-05-10 14:47 ~ sanahrahiman,
2018-05-10 14:55 ~ diet_experts,
2018-05-10 15:20 ~ me_aditya_kothiwal,
2018-05-10 15:22 ~ khurshid78690,
2018-05-10 15:25 ~ anwar.anwarulhaq.90,
2018-05-10 15:28 ~ musabulla_shariff,
2018-05-10 15:37 ~ wheesung.heaven,
2018-05-10 15:45 ~ ___king001___,
2018-05-10 15:48 ~ yuvraj_studio_bhakna,
2018-05-10 15:54 ~ imamhatiplimetalci,
2018-05-10 16:03 ~ itz_krishna_kanhaiya,
2018-05-10 16:12 ~ pushpendra_p_,
2018-05-10 16:15 ~ sandeepmukherjee_,
2018-05-10 18:32 ~ __p_r_a_t_u_3,
2018-05-10 18:35 ~ karmalidharmendra,
2018-05-10 18:36 ~ m_luke17,
2018-05-10 18:39 ~ 45.726915,
2018-05-10 18:41 ~ bilithebeast,
2018-05-10 18:56 ~ heyitsme052001,
2018-05-10 18:59 ~ yogipotha,
2018-05-10 21:27 ~ manavbilling,
2018-05-10 21:29 ~ mr._d_o_m_e_d_r_a___s_e_n,
2018-05-10 21:31 ~ akki_luckky,
2018-05-10 21:41 ~ harsh.panchal.18659,
2018-05-10 21:58 ~ ___raffaele___,
2018-05-10 22:07 ~ pardeep_dhesi94,
2018-05-10 22:09 ~ aman______sharma.___9211,
2018-05-10 22:32 ~ andro_akrm,
2018-05-10 22:36 ~ miller.time89,
2018-05-10 22:38 ~ mongrol_gypsy_king,
2018-05-10 22:42 ~ itzibro_baddoo,
2018-05-10 22:46 ~ murgaikaran,
2018-05-10 22:56 ~ aidenkhan_zishu,
2018-05-10 23:14 ~ __purohit.aryan__,
2018-05-10 23:19 ~ singh_j_sana,
2018-05-10 23:21 ~ lolipie___,
2018-05-10 23:22 ~ naira9038,
2018-05-10 23:25 ~ samkumarchinnu,
2018-05-10 23:32 ~ shashankk52,
2018-05-10 23:36 ~ toddearls99,
2018-05-10 23:38 ~ yairfain28,
2018-05-10 23:47 ~ mohdsaifali_,
2018-05-10 23:50 ~ bad__car,
2018-05-10 23:58 ~ rickeyrawat9211,
2018-05-11 00:08 ~ sayansurojit,
2018-05-11 00:14 ~ deep.tayde,
2018-05-11 00:16 ~ pradeep_mattu,
2018-05-11 00:20 ~ hey_im__the_one__,
2018-05-11 00:22 ~ sajivgarg82,
2018-05-11 00:29 ~ nucci.fit,
2018-05-11 00:40 ~ aman_transformation_,
2018-05-11 00:50 ~ ecchi_senpai___,
2018-05-11 00:52 ~ gurmeetahujaa,
2018-05-11 00:54 ~ b.m8749,
2018-05-11 01:03 ~ kashif_ul_israr,
2018-05-11 01:05 ~ th3_bl4ck_h4wk,
2018-05-11 01:14 ~ simrankaur359,
2018-05-11 01:16 ~ mohammed.abdelkareem,
2018-05-11 01:21 ~ farmermike8400,
2018-05-11 01:24 ~ juergenhameseder,
2018-05-11 01:26 ~ charlie_principe_blanco,
2018-05-11 01:41 ~ nishant_nagar_999,
2018-05-11 01:43 ~ angellaa77,
2018-05-11 01:47 ~ chetan.soni_,
2018-05-11 01:49 ~ _zaini_baba,
2018-05-11 01:58 ~ l___subhro___l,
2018-05-11 02:04 ~ _i_am_ak,
2018-05-11 02:09 ~ giorgos.stathas,
2018-05-11 02:16 ~ i.was.wicked.once,
2018-05-11 02:19 ~ austin.carpenter.946179,
2018-05-11 02:21 ~ senayan2822,
2018-05-11 02:42 ~ a__y__u__s__h__maan,
2018-05-11 02:51 ~ mohamed.rfat11,
2018-05-11 03:01 ~ thevoxparque,
2018-05-11 03:06 ~ official_amaan_khan_8641,
2018-05-11 03:11 ~ shalini.jd,
2018-05-11 03:20 ~ erick.24k,
2018-05-11 03:24 ~ firthbird,
2018-05-11 03:31 ~ kariim_fit,
2018-05-11 03:35 ~ reecehaydar,
2018-05-11 03:43 ~ blakox_rider,
2018-05-11 03:46 ~ ramez_dahhan,
2018-05-11 04:01 ~ dooodle_singh,
2018-05-11 04:08 ~ ashushukla7950,
2018-05-11 04:11 ~ imranphysique,
2018-05-11 04:16 ~ adam_converse4,
2018-05-11 04:21 ~ tito__azevedo,
2018-05-11 04:37 ~ fitnesspassionfitnesslife,
2018-05-11 04:39 ~ hifziiiiiiiiii,
2018-05-11 04:42 ~ yuliannavetrova_,
2018-05-11 04:47 ~ aldi_m1,
2018-05-11 04:54 ~ p.aul_01_,
2018-05-11 05:04 ~ onewayfreetours,
2018-05-11 05:06 ~ thiago_olivera_1608,
2018-05-11 05:11 ~ amirsa107,
2018-05-11 05:21 ~ kkubin,
2018-05-11 05:29 ~ macwhorterkristi,
2018-05-11 05:32 ~ radamson1992,
2018-05-11 05:36 ~ tomasdurbano708,
2018-05-11 05:38 ~ willersanfoneiro_,
2018-05-11 05:45 ~ lpjosse,
2018-05-11 06:50 ~ kabir9449,
2018-05-11 06:52 ~ subham_kr_sam,
2018-05-11 06:57 ~ manusharmas19,
2018-05-11 07:01 ~ coretan97,
2018-05-11 07:05 ~ arasamori,
2018-05-11 07:08 ~ sunil6341,
2018-05-11 07:18 ~ pawan_dawande,
2018-05-11 07:21 ~ balwindergudana,
2018-05-11 07:27 ~ czyshowlo_,
2018-05-11 07:32 ~ ewalker49,
2018-05-11 07:41 ~ minhaal_ali,
2018-05-11 07:45 ~ omarmaaroufi_,
2018-05-11 07:56 ~ shabahat__choudhary,
2018-05-11 08:23 ~ dogs.yeah.cool,
2018-05-11 08:33 ~ neerdowell_extraordinaire,
2018-05-11 08:40 ~ aamiriqbal7861,
2018-05-11 08:56 ~ official_inder1322,
2018-05-11 08:58 ~ zakiulabir,
2018-05-11 09:02 ~ raj_uriyal,
2018-05-11 09:25 ~ anmol16_,
2018-05-11 09:28 ~ mr_shiva_satya,
2018-05-11 09:34 ~ mohammedhaseeb396,
2018-05-11 09:42 ~ sonam.parmar.946179,
2018-05-11 09:49 ~ mattdavisdrum,
2018-05-11 09:52 ~ wrx_letsago,
2018-05-11 10:07 ~ amaan3168,
2018-05-11 10:16 ~ mahant.abhishek,
2018-05-11 10:18 ~ adityasharma0926,
2018-05-11 10:41 ~ divyanshu_21,
2018-05-11 10:44 ~ smkharadi37,
2018-05-11 10:47 ~ shubh.maru_,
2018-05-11 10:53 ~ shahnawabali348,
2018-05-11 10:57 ~ _itskushal,
2018-05-11 11:02 ~ pk2u4u,
2018-05-11 11:09 ~ suraj_patil0666,
2018-05-11 11:16 ~ leeliangel,
2018-05-11 11:21 ~ ni.ck8644,
2018-05-11 13:25 ~ simranp3,
2018-05-11 13:31 ~ tomer0912017,
2018-05-11 13:33 ~ dhrumilthakor317,
2018-05-11 13:45 ~ karale.amar,
2018-05-11 13:47 ~ mishra123vishal,
2018-05-11 13:51 ~ yash_mohite_1217,
2018-05-11 13:58 ~ quoteshub_official,
2018-05-11 14:07 ~ debris_speaks,
2018-05-11 19:55 ~ shivamgupta4088,
2018-05-11 19:56 ~ sooraj.____,
2018-05-11 20:02 ~ vikashrajpurohit7734,
2018-05-11 20:07 ~ sohan_singh_rajput7773,
2018-05-11 20:09 ~ yousuf_ahmedd,
2018-05-11 20:12 ~ sahadat5561,
2018-05-11 20:24 ~ kvickers2000,
2018-05-11 20:26 ~ chiko_x80,
2018-05-11 20:34 ~ nickbrownlow,
2018-05-11 20:44 ~ akshatrastogi_,
2018-05-11 20:46 ~ karen.dalocanog.7,
2018-05-11 20:52 ~ abusalim3337,
2018-05-11 20:54 ~ mohammadali_lukman_ansari,
2018-05-11 20:54 ~ petestrongmotivation,
2018-05-11 20:55 ~ aadi_fitness,
2018-05-11 20:58 ~ harsh_daultabad,
2018-05-11 21:00 ~ tumblurdankare,
2018-05-11 21:07 ~ abhi_vyavahare,
2018-05-11 21:08 ~ aryaan.01,
2018-05-11 21:09 ~ cherukurisri,
2018-05-11 21:10 ~ sohail_langde,
2018-05-11 21:12 ~ adamxx6,
2018-05-11 21:15 ~ santygurjar1233,
2018-05-11 21:18 ~ jyezpage,
2018-05-11 21:20 ~ mjat1840,
2018-05-11 21:27 ~ anand_valecha8900,
2018-05-11 21:33 ~ shreepadyele,
2018-05-11 21:36 ~ gyms_team,
2018-05-11 21:40 ~ prempk1128,
2018-05-11 21:40 ~ hemantdutta001,
2018-05-11 21:51 ~ shekharsinghthakur420,
2018-05-11 21:53 ~ shahzaibzaibo,
2018-05-11 21:55 ~ arshadmulla7878,
2018-05-11 21:56 ~ safeed_mohd,
2018-05-11 21:56 ~ indiancricketmanwomen,
2018-05-11 21:56 ~ a._halis,
2018-05-11 21:57 ~ 9352212930_rahul,
2018-05-11 21:59 ~ sabhikushdil,
2018-05-11 21:59 ~ danielpacherrest,
2018-05-11 21:59 ~ pandeyvipin12832,
2018-05-11 22:02 ~ deveshsharma9759,
2018-05-11 22:05 ~ samikhya_ss,
2018-05-11 22:05 ~ nehasharma245,
2018-05-11 22:07 ~ hxcii965,
2018-05-11 22:07 ~ gaurav.shirgaonkar,
2018-05-11 22:08 ~ _______s.a.h.i.l______,
2018-05-11 22:09 ~ ankaikar.nirmal,
2018-05-11 22:11 ~ virk932,
2018-05-11 22:15 ~ kiran47093,
2018-05-11 22:15 ~ nishantraina420,
2018-05-11 22:16 ~ shaycohen1108,
2018-05-11 22:25 ~ ajthakurji,
2018-05-11 22:25 ~ asksurajpai,
2018-05-11 22:29 ~ nikolas15091973,
2018-05-11 22:31 ~ utkarsh_261,
2018-05-11 22:35 ~ lookscankill.sahil,
2018-05-11 22:36 ~ vivekbondreoffici,
2018-05-11 22:39 ~ official_gharu11,
2018-05-11 22:41 ~ thineskaran36,
2018-05-11 22:47 ~ the__indian_fitness,
2018-05-11 22:50 ~ mvpc03,
2018-05-11 22:52 ~ acchupreetham,
2018-05-11 22:54 ~ zahri_writer,
2018-05-11 22:56 ~ arlindomartina,
2018-05-11 22:59 ~ vinodh1794,
2018-05-11 23:02 ~ brahmadeva_25,
2018-05-11 23:03 ~ zahidansari6145,
2018-05-11 23:06 ~ muscleforce.es,
2018-05-11 23:11 ~ tejindersinghnew_,
2018-05-11 23:15 ~ lokeshyadevudipur,
2018-05-11 23:18 ~ sunilg4,
2018-05-11 23:22 ~ ssou57,
2018-05-11 23:24 ~ 1krisc,
2018-05-11 23:28 ~ badal_chandel,
2018-05-12 01:31 ~ ohi_vadda_dhillon,
2018-05-12 01:38 ~ vishalsharmaaaa0,
2018-05-12 02:25 ~ painvictor,
2018-05-12 02:35 ~ jburrowsdevon,
2018-05-12 02:43 ~ masel_ohne_zahl_im_namen,
2018-05-12 02:46 ~ kandis_joubert_fit,
2018-05-12 02:56 ~ drunkingstyle.1,
2018-05-12 03:00 ~ cicek_orhan_1968,
2018-05-12 03:03 ~ donaldinho23,
2018-05-12 03:05 ~ teemubrandy,
2018-05-12 03:11 ~ heavenly097,
2018-05-12 03:18 ~ phillipambrozewicz,
2018-05-12 03:20 ~ ericmachmer,
2018-05-12 03:34 ~ triple.m.fitness_,
2018-05-12 03:40 ~ jackusurus_rex,
2018-05-12 03:54 ~ 66minton,
2018-05-12 03:57 ~ ebash.105,
2018-05-12 03:59 ~ furtivepasserine,
2018-05-12 04:02 ~ livingmentoszindagi,
2018-05-12 04:04 ~ alb_pr,
2018-05-12 04:22 ~ kennmiller88,
2018-05-12 04:28 ~ jacktenke,
2018-05-12 04:30 ~ omar.torres10,
2018-05-12 04:40 ~ paddy.dgn,
2018-05-12 04:50 ~ alexeightnine,
2018-05-12 04:50 ~ stellaaaellaa,
2018-05-12 04:53 ~ kamillabezerra1,
2018-05-12 04:55 ~ yacine_criro,
2018-05-12 04:56 ~ elkhadraouy_fitness,
2018-05-12 04:58 ~ progressive_gains,
2018-05-12 04:58 ~ dany_spartiate_2.0,
2018-05-12 05:02 ~ syawshyl9,
2018-05-12 05:05 ~ michelhenrich,
2018-05-12 05:08 ~ boost.insta_foll0wers_here.964,
2018-05-12 05:10 ~ enrlke,
2018-05-12 05:10 ~ carrararodrigo,
2018-05-12 05:14 ~ irish_car_bomb47,
2018-05-12 05:17 ~ james_herda,
2018-05-12 05:19 ~ _hanmoore,
2018-05-12 05:22 ~ kmarieee13,
2018-05-12 05:22 ~ owenstephens,
2018-05-12 05:24 ~ emerson.sza,
2018-05-12 05:24 ~ grfitn,
2018-05-12 05:26 ~ sanvitorhugo,
2018-05-12 05:29 ~ brokeandsnortingcoke,
2018-05-12 05:30 ~ hajdi31,
2018-05-12 05:32 ~ andrewdamasio,
2018-05-12 05:34 ~ idan.morad,
2018-05-12 05:37 ~ carlito.___,
2018-05-12 06:43 ~ shefo_ahmed_,
2018-05-12 06:47 ~ ahmedz_official,
2018-05-12 06:53 ~ atioutdoors,
2018-05-12 06:54 ~ samkumarchinnu,
2018-05-12 06:57 ~ fairytale_lashes,
2018-05-12 07:00 ~ drmarcotocco,
2018-05-12 07:02 ~ yashsureshmed,
2018-05-12 07:05 ~ royalstroud14,
2018-05-12 07:08 ~ yatti_yp,
2018-05-12 07:10 ~ _adamo,
2018-05-12 07:12 ~ gymgeorgie98,
2018-05-12 07:57 ~ ahmedfox1907,
2018-05-12 08:01 ~ itsss_josiee,
2018-05-12 08:06 ~ hubgod179,
2018-05-12 08:10 ~ seven13stvn,
2018-05-12 08:20 ~ denvertew,
2018-05-12 08:22 ~ zandysayslift,
2018-05-12 08:24 ~ georgibabe2k,
2018-05-12 08:26 ~ fitnoel,
2018-05-12 08:32 ~ kinobody_entreprenuer,
2018-05-12 08:36 ~ sani.adams808,
2018-05-12 08:38 ~ shauns_fitness_nutrition,
2018-05-12 08:41 ~ nicholaswolfgram,
2018-05-12 08:53 ~ vishwa.don.148,
2018-05-12 08:56 ~ ahmed___mahm0ud,
2018-05-12 09:14 ~ willbaxterfitness,
2018-05-12 09:15 ~ siddu_kp,
2018-05-12 09:16 ~ c_note5.56,
2018-05-12 09:17 ~ ilham_minudin,
2018-05-12 17:24 ~ philipplaaber,
2018-05-12 17:34 ~ kamal__titan__kt__,
2018-05-12 17:38 ~ rudmann.98,
2018-05-12 17:43 ~ wodkasoda.ok,
2018-05-12 17:47 ~ primefitnessjvc,
2018-05-12 18:11 ~ 90s.power.jeff,
2018-05-12 18:19 ~ matteo_jvm,
2018-05-12 18:21 ~ spaghettieddiee,
2018-05-12 18:33 ~ thebigbeattie83,
2018-05-12 18:36 ~ patrykmfitness,
2018-05-12 18:41 ~ workout_legends26,
2018-05-12 18:45 ~ strengthdesigns,
2018-05-12 18:48 ~ maxbliznak,
2018-05-12 18:52 ~ l.bjerke,
2018-05-12 18:54 ~ amang9202,
2018-05-12 18:57 ~ annu_gujjar_nawada,
2018-05-12 18:59 ~ mikebak,
2018-05-12 19:01 ~ beast_tian,
2018-05-12 19:14 ~ aesthetic_henry,
2018-05-12 19:17 ~ seeergiuuu,
2018-05-12 19:19 ~ achu_chuz,
2018-05-12 19:32 ~ yahya_khan_2000,
2018-05-12 19:35 ~ dj_rafael_escd,
2018-05-12 19:37 ~ jithin_dreamzlot___,
2018-05-12 19:42 ~ wiskay_gerald,
2018-05-12 19:44 ~ tiagotcm,
2018-05-12 19:53 ~ fitness_boy_ponadya_,
2018-05-12 19:54 ~ _dam_dam4,
2018-05-12 20:02 ~ amararjun8,
2018-05-12 20:04 ~ sikander_255,
2018-05-12 20:04 ~ locusttrainingmethod,
2018-05-12 20:07 ~ vedant_parmar9999,
2018-05-12 20:14 ~ seyithan__kmarasss,
2018-05-12 20:16 ~ queen_of_nashik_1432,
2018-05-12 20:18 ~ manogliamarlowe,
2018-05-12 20:18 ~ rajendra_bhattacharjye,
2018-05-12 20:27 ~ bicepsibntriceps,
2018-05-12 20:30 ~ nitin__nt_,
2018-05-12 20:37 ~ nickb1275,
2018-05-12 20:40 ~ casdebruin23,
2018-05-12 20:43 ~ imsamkhann,
2018-05-12 20:46 ~ pankku_1993,
2018-05-12 20:49 ~ kairav2222,
2018-05-12 20:51 ~ umeshupadhyay1976,
2018-05-12 20:56 ~ itz_bharwad_boy_8182,
2018-05-12 20:57 ~ kukil_143,
2018-05-12 21:00 ~ shiv.gautam.9421,
2018-05-12 21:02 ~ arnav7451,
2018-05-12 21:03 ~ rajesh_bhagtani,
2018-05-12 21:06 ~ umit_4488,
2018-05-12 21:07 ~ buff.mermaid,
2018-05-12 21:10 ~ ____julz___,
2018-05-12 21:10 ~ sanber18,
2018-05-12 21:11 ~ shaika4923,
2018-05-12 21:14 ~ jakenewell02,
2018-05-12 21:15 ~ followerplus100k,
2018-05-12 21:19 ~ dragosteodorou,
2018-05-12 21:21 ~ javidiazz,
2018-05-12 21:21 ~ mr.nilsingh,
2018-05-12 21:23 ~ thegoldboy_ifbb,
2018-05-12 21:23 ~ vigneshwaran_sanjay,
2018-05-12 21:27 ~ parihar.naresh.92,
2018-05-12 21:28 ~ electrician_of_insta,
2018-05-12 21:28 ~ qu8176,
2018-05-12 21:32 ~ thepnkjsingh1,
2018-05-12 21:33 ~ raj_the_batman,
2018-05-12 21:35 ~ fightersrepublic,
2018-05-12 21:37 ~ brar_.navi,
2018-05-12 21:39 ~ raikwarpuran,
2018-05-12 21:40 ~ volodymyrgodovanets,
2018-05-12 21:47 ~ _web_star__,
2018-05-12 21:49 ~ dayana_gomez19,
2018-05-12 21:49 ~ salman_fun_club00,
2018-05-12 21:52 ~ diyarr_cann_47,
2018-05-12 21:54 ~ nish.rajput,
2018-05-12 21:57 ~ ramez_dahhan,
2018-05-12 21:57 ~ iron.hulk.strong,
2018-05-12 22:00 ~ maxxeyes,
2018-05-12 22:01 ~ jordanflemingfitness,
2018-05-12 22:05 ~ ramansheraji,
2018-05-12 22:06 ~ pusztai91,
2018-05-12 22:08 ~ nishant_nagar385,
2018-05-12 22:12 ~ ashabhanu228,
2018-05-12 22:14 ~ hardeepsingh6766,
2018-05-12 22:18 ~ dwijendikshu,
2018-05-12 22:21 ~ 705758520a,
2018-05-12 22:21 ~ shootout_fitness_model,
2018-05-12 22:24 ~ arunb.fitness.lifestyle,
2018-05-12 22:25 ~ 127fitness,
2018-05-12 22:27 ~ ejthomps74,
2018-05-12 22:30 ~ beau_be_positive,
2018-05-12 22:32 ~ somarpita8945,
2018-05-12 22:33 ~ sabaj.ali.79,
2018-05-12 22:40 ~ issrael02,
2018-05-12 22:44 ~ mehdighorbani3598,
2018-05-12 22:46 ~ navdeep_singh_49,
2018-05-12 22:46 ~ ak_golu.1805,
2018-05-12 22:49 ~ veer_gujjar___67,
2018-05-12 22:51 ~ 93beast_official,
2018-05-12 22:51 ~ anujmishra1545,
2018-05-12 22:53 ~ shinghsinghaniya,
2018-05-12 22:54 ~ balwin97,
2018-05-12 22:56 ~ raj_vardhan__rajput_,
2018-05-12 23:01 ~ yami_tsunami_07,
2018-05-12 23:05 ~ alfredcbraza,
2018-05-12 23:06 ~ vibhu_sharma_fanclub,
2018-05-12 23:11 ~ zander_klopper,
2018-05-12 23:12 ~ salunke3243,
2018-05-12 23:13 ~ thestandardgentleman,
2018-05-12 23:14 ~ __rk93,
2018-05-12 23:15 ~ paydro.z,
2018-05-12 23:17 ~ mazharkhan003043,
2018-05-12 23:21 ~ physioworld_sports,
2018-05-12 23:25 ~ sonaoliver,
2018-05-12 23:26 ~ mency_nazar,
2018-05-12 23:28 ~ bill.diamantis,
2018-05-12 23:30 ~ alfez_sk_smarty,
2018-05-12 23:32 ~ jacob_jacob33,
2018-05-12 23:32 ~ piyush_modgill7,
2018-05-12 23:36 ~ mr.acehigh,
2018-05-12 23:45 ~ vascobenny,
2018-05-12 23:49 ~ wsbbshack,
2018-05-12 23:51 ~ benpitoccofitness,
2018-05-12 23:54 ~ rigopalacios11,
2018-05-12 23:54 ~ guy_that_lifts,
2018-05-12 23:56 ~ iscoho,
2018-05-12 23:59 ~ musclepumpau,
2018-05-13 00:05 ~ caviemliymyrabreeze1993,
2018-05-13 00:07 ~ schiavondanilo,
2018-05-13 00:10 ~ pooja_jadhav23,
2018-05-13 00:10 ~ shubham_parshionikar,
2018-05-13 00:13 ~ mg_sohel,
2018-05-13 00:14 ~ aurelianicole,
2018-05-13 00:16 ~ dunlopralph,
2018-05-13 00:17 ~ jeeva3523,
2018-05-13 00:20 ~ rob_schepis,
2018-05-13 00:28 ~ sucisharma67,
2018-05-13 00:31 ~ abolfazl.karimi.79,
2018-05-13 00:33 ~ raja.suman.315,
2018-05-13 00:34 ~ adarsh._.choudhary_,
2018-05-13 00:36 ~ amadmansperspective,
2018-05-13 00:38 ~ olirlafreniere,
2018-05-13 00:39 ~ purnima__21,
2018-05-13 00:42 ~ anilyadav437,
2018-05-13 00:47 ~ serenescenesofnature,
2018-05-13 00:54 ~ juaniitabecerra,
2018-05-13 00:55 ~ kumareee512,
2018-05-13 01:15 ~ pablolorenzo_07,
2018-05-13 01:27 ~ pelzer.donato,
2018-05-13 01:28 ~ naresh_sidhu99,
2018-05-13 01:35 ~ fitness247life,
2018-05-13 01:38 ~ fabio_benvenuti_1,
2018-05-13 01:41 ~ maty_chander,
2018-05-13 01:44 ~ _____beno,
2018-05-13 01:48 ~ cofe.cook,
2018-05-13 01:50 ~ huseyln00689,
2018-05-13 01:54 ~ _a_dream_come_true_,
2018-05-13 01:58 ~ crystalmth99,
2018-05-13 02:00 ~ ab.abhimanyu,
2018-05-13 02:10 ~ abdulrafique6,
2018-05-13 02:22 ~ andershoiiiberg,
2018-05-13 02:25 ~ owene1994,
2018-05-13 02:26 ~ teliolizzykidd_ndf,
2018-05-13 02:29 ~ rkclucknowyahooin,
2018-05-13 02:31 ~ our_javed,
2018-05-13 02:33 ~ wali_waiters,
2018-05-13 02:56 ~ khalsaravi,
2018-05-13 03:18 ~ jaki6236,
2018-05-13 03:25 ~ southernmuscleguide,
2018-05-13 03:30 ~ samirkhabbache,
2018-05-13 03:39 ~ jatinbokefode,
2018-05-13 03:45 ~ taimour_ali94,
2018-05-13 03:53 ~ miki8146,
2018-05-13 03:55 ~ luckykysa,
2018-05-13 04:04 ~ faisalabad_styleicons,
2018-05-13 04:06 ~ raaymq,
2018-05-13 04:09 ~ i_am_irsad_786,
2018-05-13 04:14 ~ guruveerguruveer7,
2018-05-13 04:22 ~ adamdasdas,
2018-05-13 04:37 ~ mac_chh,
2018-05-13 04:45 ~ abdo_harv,
2018-05-13 04:57 ~ velvet_maine_coon,
2018-05-13 05:01 ~ jean1albert,
2018-05-13 05:03 ~ t_money71501,
2018-05-13 05:08 ~ juston_mendoza,
2018-05-13 05:10 ~ kevinnvallejoskr10,
2018-05-13 05:20 ~ coach_kevdog,
2018-05-13 05:21 ~ harritcsa,
2018-05-13 05:26 ~ spielraum2,
2018-05-13 05:34 ~ deivysonnz,
2018-05-13 05:36 ~ gladiator_training_system18,
2018-05-13 05:41 ~ joel_dewolfe,
2018-05-13 05:50 ~ boy.love.m789,
2018-05-13 05:51 ~ kalaigilchrist,
2018-05-13 05:58 ~ elgazer_batisita,
2018-05-13 06:08 ~ elias.gabrielsson,
2018-05-13 06:15 ~ pyeager57,
2018-05-13 06:20 ~ qsai.___.dlm,
2018-05-13 06:24 ~ theelopez,
2018-05-13 06:38 ~ hema_sala7,
2018-05-13 06:48 ~ josh_allen91,
2018-05-13 06:56 ~ leonmoses117,
2018-05-13 08:27 ~ claudia_palacios_sanchez,
2018-05-13 08:29 ~ oterrible1,
2018-05-13 08:36 ~ melisss95,
2018-05-13 08:46 ~ _sunilshahi_,
2018-05-13 08:48 ~ littlemisscalves,
2018-05-13 09:03 ~ patrickachuff275,
2018-05-13 09:08 ~ paul_mccormac,
2018-05-13 09:15 ~ egrfsky,
2018-05-13 09:17 ~ benjaminfardey,
2018-05-13 09:19 ~ jpickowicz,
2018-05-13 09:28 ~ jaime.cervantes.35,
2018-05-13 09:37 ~ stevepikula,
2018-05-13 09:40 ~ romualdo_oficial1,
2018-05-13 09:48 ~ brucepitcher,
2018-05-13 09:48 ~ roorbachtrent,
2018-05-13 09:50 ~ heroesofplanet,
2018-05-13 09:56 ~ simmons.power,
2018-05-13 10:00 ~ ____luxurycars,
2018-05-13 10:00 ~ hardic_supolia,
2018-05-13 10:03 ~ frankgigantenaturalpro,
2018-05-13 10:09 ~ brandon_r_phillips,
2018-05-13 10:11 ~ cris_lopez59,
2018-05-13 10:15 ~ therealjacko,
2018-05-13 10:18 ~ marionoriega07,
2018-05-13 10:22 ~ amish_dwarf,
2018-05-13 10:27 ~ themickshredzue,
2018-05-13 10:29 ~ jeremy.med,
2018-05-13 10:31 ~ marko_santoson,
2018-05-13 10:36 ~ chandler6henry,
2018-05-13 10:36 ~ arsh_akram_,
2018-05-13 10:41 ~ zzuspann,
2018-05-13 10:43 ~ _heroooooooo_,
2018-05-13 10:48 ~ pedrofigueiredo_pro,
2018-05-13 10:50 ~ super_human_universe1,
2018-05-13 10:51 ~ madsmadsen.ch,
2018-05-13 10:59 ~ aesthetic.ct,
2018-05-13 11:00 ~ randylx_,
2018-05-13 11:02 ~ rsajor711,
2018-05-13 11:05 ~ idan.morad,
2018-05-13 11:06 ~ baileycashh,
2018-05-13 11:09 ~ dr.albano,
2018-05-13 11:11 ~ florianismailii,
2018-05-13 11:17 ~ f4ailicus,
2018-05-13 11:19 ~ atul_kumar_k,
2018-05-13 11:22 ~ kabir_3777,
2018-05-13 11:25 ~ tjarc21,
2018-05-13 11:26 ~ gym.fitness56,
2018-05-13 11:27 ~ madangayarigayari,
2018-05-13 11:32 ~ gauravborhade,
2018-05-13 11:33 ~ alonzo._,
2018-05-13 11:35 ~ lakshaysinghadiya,
2018-05-13 11:36 ~ paramountbodybuilding,
2018-05-13 11:42 ~ the_m.tato,
2018-05-13 11:43 ~ ahmedkhatri111,
2018-05-13 11:45 ~ pranavmanhas_,
2018-05-13 11:47 ~ mahmoudshawkat25,
2018-05-13 11:48 ~ maxammadjon95,
2018-05-13 11:50 ~ spielraum2,
2018-05-13 11:54 ~ hridayballav,
2018-05-13 11:56 ~ doubledee321,
2018-05-13 17:28 ~ tomreginald,
2018-05-13 17:28 ~ lpjosse,
2018-05-13 17:39 ~ damien_369,
2018-05-13 17:43 ~ deepak_saini_kd,
2018-05-13 17:44 ~ th3v3ganwarr1or,
2018-05-13 17:46 ~ arvind.singhpanwar.7,
2018-05-13 17:47 ~ s.i_personaltrainer,
2018-05-13 17:49 ~ pratikdeshmukh2228,
2018-05-13 17:50 ~ bizzygrn,
2018-05-13 17:54 ~ gourav_saini_mehatpuria,
2018-05-13 17:54 ~ mysteriousanimelover2001,
2018-05-13 17:57 ~ capturedbysabika,
2018-05-13 17:58 ~ yadavrahul14,
2018-05-13 18:02 ~ tidybodies_fp,
2018-05-13 18:09 ~ indian_bodybuilders___,
2018-05-13 18:13 ~ loosemorecj,
2018-05-13 18:16 ~ karl.winberg,
2018-05-13 18:16 ~ sandie_dk,
2018-05-13 18:23 ~ alfredovaldez4165,
2018-05-13 18:24 ~ vivianebinotto,
2018-05-13 18:27 ~ petripellikka,
2018-05-13 18:31 ~ triathlon_chris,
2018-05-13 18:32 ~ jersey_hune,
2018-05-13 18:38 ~ santy_721,
2018-05-13 18:39 ~ simvandaele,
2018-05-13 18:44 ~ imthaai,
2018-05-13 18:44 ~ michaelalinsb,
2018-05-13 18:45 ~ penkovsimeon,
2018-05-13 18:46 ~ ypgakhar,
2018-05-13 18:48 ~ realfitag,
2018-05-13 18:49 ~ benpepe,
2018-05-13 18:52 ~ hxmza_manmadle,
2018-05-13 18:53 ~ m_.a_n._i._a_.c,
2018-05-13 18:53 ~ anytimefitnessfarnham,
2018-05-13 18:56 ~ rajat_9629,
2018-05-13 19:00 ~ mehboob9032,
2018-05-13 19:01 ~ healthy_eating_addictrp88,
2018-05-13 19:02 ~ gayulestari,
2018-05-13 19:03 ~ petronnus,
2018-05-13 19:07 ~ bully_barbell,
2018-05-13 19:08 ~ _craigbrian,
2018-05-13 19:08 ~ triple.m.fitness_,
2018-05-13 19:11 ~ sleepybear28,
2018-05-13 19:12 ~ shubham_mohite_1432,
2018-05-13 19:15 ~ bully_barbell,
2018-05-13 19:16 ~ levi.quigley,
2018-05-13 19:19 ~ gazfit_pt,
2018-05-13 19:20 ~ willlanee,
2018-05-13 19:21 ~ himanshu_gaba129,
2018-05-13 19:22 ~ pardoe_1,
2018-05-13 19:25 ~ __abhishek.singh__,
2018-05-13 19:28 ~ mrivera_41,
2018-05-13 19:30 ~ visaalrathore,
2018-05-13 19:30 ~ promoter.jerone,
2018-05-13 19:34 ~ kanecox,
2018-05-13 19:37 ~ mrkinginla,
2018-05-13 19:39 ~ jakebabin_,
2018-05-13 19:43 ~ jmatherly_fitness,
2018-05-13 19:45 ~ dylanross00,
2018-05-13 19:46 ~ djom5302,
2018-05-13 19:48 ~ nabeel_always_loving_life,
2018-05-13 19:52 ~ arksd,
2018-05-13 19:58 ~ jefferson_almeida63,
2018-05-13 19:58 ~ jefferson_almeida63,
2018-05-13 20:03 ~ marcogelm,
2018-05-13 20:04 ~ dvs1891,
2018-05-13 20:06 ~ rustam_8.8.8,
2018-05-13 20:07 ~ taj153,
2018-05-13 20:08 ~ enikma_sports,
2018-05-13 20:10 ~ dange_pranay,
2018-05-13 20:11 ~ hallux_say,
2018-05-13 20:12 ~ dina_beecher,
2018-05-13 20:12 ~ 2331_monts,
2018-05-13 20:14 ~ gym_lover_9037,
2018-05-13 20:17 ~ diamordiamond,
2018-05-13 20:18 ~ stivan_rai,
2018-05-13 20:20 ~ numan.fitness_,
2018-05-13 20:23 ~ hancock_strength,
2018-05-13 20:25 ~ omnorlomnor,
2018-05-13 20:27 ~ bodybuilder107_,
2018-05-13 20:28 ~ nickv_strong,
2018-05-13 20:29 ~ mathiasklaar,
2018-05-13 20:31 ~ mohammedsalman2634,
2018-05-13 20:31 ~ fitlicious_mealprep,
2018-05-13 20:33 ~ jo.hnson5390,
2018-05-13 20:34 ~ mafya_babu____143,
2018-05-13 20:35 ~ em_b_fit,
2018-05-13 20:36 ~ andrezora,
2018-05-13 20:36 ~ asdfailcom284,
2018-05-13 20:37 ~ ryjolo55,
2018-05-13 20:39 ~ safiya_khan_rs,
2018-05-13 20:41 ~ jamesgavin1991,
2018-05-13 20:44 ~ justbe_human,
2018-05-13 20:45 ~ ilyas.a1808,
2018-05-13 20:51 ~ vinny__vard,
2018-05-13 20:52 ~ people_call_me_mustak,
2018-05-13 20:53 ~ pankaj17.jan,
2018-05-13 20:54 ~ mrsavge4life,
2018-05-13 20:56 ~ f.a_daily_life,
2018-05-13 20:59 ~ joseptmoverte,
2018-05-13 21:03 ~ armughan_kazmi,
2018-05-13 21:04 ~ ferit_10,
2018-05-13 21:05 ~ __addi3__,
2018-05-13 21:06 ~ da_vid3645,
2018-05-13 21:07 ~ cdenglish32,
2018-05-13 21:08 ~ iamdanimerlos,
2018-05-13 21:08 ~ jaouadelkhiate,
2018-05-13 21:10 ~ primefitness30,
2018-05-13 21:11 ~ hou.caleviro,
2018-05-13 21:11 ~ adamno97,
2018-05-13 21:11 ~ jewseph333,
2018-05-13 21:13 ~ thebradley.wolf,
2018-05-13 21:15 ~ giannibandera,
2018-05-13 21:16 ~ prashant_4545_,
2018-05-13 21:16 ~ akshay.gera,
2018-05-13 21:17 ~ rikiya.gaou,
2018-05-13 21:18 ~ raja_badyal_rockstar_official,
2018-05-13 21:19 ~ denkatagomurzi,
2018-05-13 21:26 ~ gryt99,
2018-05-13 21:26 ~ faisel_hea,
2018-05-13 21:29 ~ ankith_kalakonda_ips,
2018-05-13 21:29 ~ sibagorilla,
2018-05-13 21:31 ~ _nishant_psych_,
2018-05-13 21:31 ~ the_raghu_aal,
2018-05-13 21:33 ~ akashkashyap4062,
2018-05-13 21:34 ~ jshshsusbs2018,
2018-05-13 21:35 ~ wilsonmarshall6315,
2018-05-13 21:35 ~ the_buchon_,
2018-05-13 21:36 ~ yanni_gn,
2018-05-13 21:37 ~ abhimasih0000,
2018-05-13 21:39 ~ sain_ahamad,
2018-05-13 21:40 ~ robertdemarre,
2018-05-13 21:42 ~ mr_shubhu_1,
2018-05-13 21:43 ~ n.naveen_7927,
2018-05-13 21:44 ~ im_prince_david,
2018-05-13 21:46 ~ destructor1337,
2018-05-13 21:46 ~ sangeetha2608,
2018-05-13 21:49 ~ romiantipathy,
2018-05-13 21:51 ~ punjabitown,
2018-05-13 21:51 ~ aure.sam128,
2018-05-13 21:52 ~ guptaav21,
2018-05-13 21:54 ~ teegan_ms,
2018-05-13 21:54 ~ motrekhha,
2018-05-13 21:54 ~ royitrajput,
2018-05-13 21:55 ~ alexantros_dimitriou,
2018-05-13 21:56 ~ zugueguzman99,
2018-05-13 21:58 ~ jgupta.10293,
2018-05-13 21:58 ~ deepanshu_111,
2018-05-13 21:58 ~ mr.rawat.001,
2018-05-13 22:00 ~ no1_fitness,
2018-05-13 22:02 ~ riy3309,
2018-05-13 22:03 ~ vishalgoniana,
2018-05-13 22:03 ~ faizee.jamal,
2018-05-13 22:04 ~ preet_ramgharia__,
2018-05-13 22:06 ~ sh.ubham6221,
2018-05-13 22:08 ~ junaid_qureshi_official,
2018-05-13 22:08 ~ olgazumba,
2018-05-13 22:09 ~ mlvplb,
2018-05-13 22:10 ~ aqeelkhan3061,
2018-05-13 22:12 ~ sime.zilic.mvp,
2018-05-13 22:12 ~ pinder_dhaliwal_goniana,
2018-05-13 22:12 ~ vicky_nagrale,
2018-05-13 22:13 ~ diego_floreslavados,
2018-05-13 22:14 ~ _iamdevashish,
2018-05-13 22:14 ~ vivekdubey9699,
2018-05-13 22:15 ~ energy_strength,
2018-05-13 22:15 ~ gujjarbabloo,
2018-05-13 22:17 ~ anil_thakor2000,
2018-05-13 22:18 ~ andrea_grimes92,
2018-05-13 22:18 ~ ashutoshdubey8127,
2018-05-13 22:19 ~ strongmindedcoaching,
2018-05-13 22:23 ~ sac1054,
2018-05-13 22:25 ~ tansugsports,
2018-05-13 22:28 ~ omelko_alex,
2018-05-13 22:29 ~ tobefitandstylish,
2018-05-13 22:30 ~ saviakash,
2018-05-13 22:32 ~ taylormorgan2387,
2018-05-13 22:34 ~ marko.todorov90,
2018-05-13 22:36 ~ dansots,
2018-05-13 22:40 ~ irajveers,
2018-05-13 22:42 ~ pandat_rishabh_vashistha,
2018-05-13 22:45 ~ xdudeofdeathx,
2018-05-13 22:47 ~ mr.dev7,
2018-05-13 22:49 ~ farhad_jabari011,
2018-05-13 22:51 ~ game_killer_rana_g,
2018-05-13 22:54 ~ romualdo_oficial1,
2018-05-13 22:54 ~ bryansagredo,
2018-05-13 22:58 ~ singhrajputjasveer,
2018-05-13 22:59 ~ shariff.sami,
2018-05-13 23:00 ~ gundogdu5486,
2018-05-13 23:00 ~ tgfu34,
2018-05-13 23:01 ~ devilal1890,
2018-05-13 23:03 ~ scott.langhorn,
2018-05-13 23:03 ~ khris_ac82,
2018-05-13 23:04 ~ sushant_s_square,
2018-05-13 23:05 ~ bun_ny402,
2018-05-13 23:07 ~ advaithh,
2018-05-13 23:10 ~ the_jake_mathews,
2018-05-13 23:11 ~ sandesh_10_10,
2018-05-13 23:16 ~ laxmikant8497,
2018-05-13 23:16 ~ rajputmahindersingh,
2018-05-13 23:18 ~ aakashchaudharygulia,
2018-05-13 23:19 ~ simranjeet0004,
2018-05-13 23:29 ~ garreth0192,
2018-05-13 23:30 ~ nasmazatna12251,
2018-05-13 23:35 ~ damien_369,
2018-05-13 23:41 ~ mindoffrancisco,
2018-05-13 23:45 ~ 2.sweet.4u,
2018-05-13 23:46 ~ travis.macdonald.9028,
2018-05-13 23:48 ~ bnic_getting_fit,
2018-05-14 00:03 ~ luisarturomiranda88,
2018-05-14 00:07 ~ gymlife.in.general,
2018-05-14 00:08 ~ symbiotedaf,
2018-05-14 00:29 ~ flat.damon,
2018-05-14 00:35 ~ triple.m.fitness_,
2018-05-14 00:46 ~ clarissamartinez_fitness,
2018-05-14 00:52 ~ karenn_ellen,
2018-05-14 01:00 ~ waltersilva6135,
2018-05-14 06:25 ~ bollywood.kino_,
2018-05-14 06:27 ~ alexou2xx_fit,
2018-05-14 06:29 ~ jacobphilip1000,
2018-05-14 06:30 ~ motivation_gym_2018,
2018-05-14 06:34 ~ onesweatymiked,
2018-05-14 06:37 ~ josepulido45,
2018-05-14 06:38 ~ dankomanjak,
2018-05-14 06:39 ~ boost.insta_foll0wers_here.511,
2018-05-14 06:46 ~ gc_0511,
2018-05-14 06:47 ~ kyle_amer,
2018-05-14 06:49 ~ mayank8948,
2018-05-14 06:52 ~ anshuman8211,
2018-05-14 06:53 ~ aguziel,
2018-05-14 06:57 ~ love_school.09,
2018-05-14 07:00 ~ sallulover09,
2018-05-14 07:01 ~ lazerblaster,
2018-05-14 07:06 ~ nikhil_kapoor_1234,
2018-05-14 07:19 ~ _mauricio.s,
2018-05-14 07:21 ~ joschsen28,
2018-05-14 07:22 ~ belegend007,
2018-05-14 07:24 ~ wakalas_,
2018-05-14 07:28 ~ _.naveen__,
2018-05-14 07:34 ~ jays252,
2018-05-14 07:40 ~ ranarajan985,
2018-05-14 07:46 ~ pannu_jagdeep_,
2018-05-14 07:51 ~ bradsiskind,
2018-05-14 07:54 ~ grznts,
2018-05-14 07:54 ~ __abhishek.verma__,
2018-05-14 07:59 ~ sidha_haryana_se,
2018-05-14 08:03 ~ content2grow,
2018-05-14 08:03 ~ kushwahsonu17,
2018-05-14 08:11 ~ abhishekdhikyav,
2018-05-14 08:15 ~ gim_fit,
2018-05-14 08:16 ~ riseoverrunfit,
2018-05-14 08:25 ~ anavictoriaquin,
2018-05-14 08:27 ~ markdipaola,
2018-05-14 08:29 ~ nickellis_lifts,
2018-05-14 08:30 ~ m.a.n_i.s.h,
2018-05-14 08:34 ~ giovani_murders187,
2018-05-14 08:42 ~ _that.fit.girl.kait_,
2018-05-14 08:48 ~ ivanovheinrich,
2018-05-14 08:52 ~ andres.turi94,
2018-05-14 09:07 ~ vitor.soares98,
2018-05-14 11:12 ~ style_your_body_2018,
2018-05-14 11:15 ~ sandeepsinghkang95,
2018-05-14 11:39 ~ cjkeenan92,
2018-05-14 11:43 ~ bustie_josh,
2018-05-14 11:58 ~ sorensen827,
2018-05-14 12:05 ~ thefitnesssmonk,
2018-05-14 12:14 ~ ryanmartinezfit,
2018-05-14 12:22 ~ texnguardog,
2018-05-14 12:26 ~ sarveshmehan,
2018-05-14 12:30 ~ mkell.11,
2018-05-14 12:47 ~ nosoupforyou88,
2018-05-14 12:55 ~ toshevvalentin,
2018-05-14 13:00 ~ triple.m.fitness_,
2018-05-14 13:12 ~ lifting_lumpia,
2018-05-14 13:22 ~ dan.kaner,
2018-05-14 13:31 ~ antonshchebetovskii3551,
2018-05-14 13:35 ~ luisp.mendieta,
2018-05-14 13:47 ~ __prince_creation__,
2018-05-14 13:51 ~ ur.a.w.e.s.o.m.e,
2018-05-14 14:24 ~ mysocialboosts,
2018-05-14 14:26 ~ baily_davidson97,
2018-05-14 14:39 ~ _aravinth_r,
2018-05-14 14:41 ~ lydia.mackie,
2018-05-14 14:45 ~ philipp.haarburger_mma,
2018-05-14 14:49 ~ mohaamed.wael,
2018-05-14 14:52 ~ slater_777,
2018-05-14 14:56 ~ antony_brock,
2018-05-14 16:54 ~ thegainsgods,
2018-05-14 17:16 ~ xruifengx,
2018-05-14 17:20 ~ hirdeypreet2050,
2018-05-14 17:27 ~ punjabi.princess93,
2018-05-14 17:28 ~ taranjeet3780,
2018-05-14 17:36 ~ sam_duffy3,
2018-05-14 17:45 ~ ish725,
2018-05-14 17:49 ~ thatbroodingguy,
2018-05-14 18:07 ~ nyetimesoutaten,
2018-05-14 18:13 ~ hermioneplumptre,
2018-05-14 18:22 ~ strongmindedcoaching,
2018-05-14 18:28 ~ jamesriverlantsoght,
2018-05-14 18:33 ~ spielraum2,
2018-05-14 18:41 ~ gray_gains,
2018-05-14 18:45 ~ keyshadenis,
2018-05-14 19:16 ~ gb_2000_,
2018-05-14 19:32 ~ __caprisunpapi__,
2018-05-14 19:42 ~ india_modelz,
2018-05-14 19:47 ~ rahim_gtd.09,
2018-05-14 20:02 ~ leotanguk,
2018-05-14 20:09 ~ benedetta_cecconi,
2018-05-14 20:18 ~ l_tumelty,
2018-05-14 20:23 ~ prabhu6349,
2018-05-14 20:30 ~ bilhawk,
2018-05-15 09:16 ~ _mani_maddy_,
2018-05-15 09:18 ~ blaketawn,
2018-05-15 09:51 ~ vanessazeidan,
2018-05-15 09:57 ~ josephperrierlloyd,
2018-05-15 10:08 ~ raymondjamesm1,
2018-05-15 10:26 ~ mr_mjcb,
2018-05-15 10:33 ~ s_____kumar,
2018-05-15 10:34 ~ shanebean,
2018-05-15 10:55 ~ p.telean,
2018-05-15 11:33 ~ buuuuuuu1,
2018-05-15 11:39 ~ talip_trk,
2018-05-15 12:01 ~ thee.beast,
2018-05-15 12:17 ~ rajat_chugh__,
2018-05-15 12:29 ~ la_fitness92,
2018-05-15 12:31 ~ joey_kelso,
2018-05-15 12:36 ~ ranjeet_kumar_mehto,
2018-05-15 12:42 ~ 666kkk666satan,
2018-05-15 12:52 ~ jairinio_86,
2018-05-15 12:56 ~ xuweicheng7621,
2018-05-15 14:15 ~ testo_gen,
2018-05-15 14:23 ~ mikeyfit1990,
2018-05-15 14:40 ~ wendy.newman.12382,
2018-05-15 14:41 ~ nikolai.frd,
2018-05-15 14:42 ~ gocommando42,
2018-05-15 14:45 ~ shiostore,
2018-05-15 14:51 ~ julianblott,
2018-05-15 14:55 ~ _kathi_s,
2018-05-15 14:56 ~ iamjeevstarr,
2018-05-15 15:00 ~ muscle.insane,
2018-05-15 15:04 ~ juuleswe,
2018-05-15 15:16 ~ craymond13f,
2018-05-15 15:17 ~ crossfitheerenveen,
2018-05-15 15:18 ~ 709powerlifting,
2018-05-15 15:23 ~ fitness_and_meals,
2018-05-15 15:26 ~ lellenypon,
2018-05-15 19:12 ~ ksjamsheer,
2018-05-15 19:18 ~ mantisssss1,
2018-05-15 19:34 ~ gyencha3,
2018-05-15 19:37 ~ rikke_ammitzboell,
2018-05-15 19:48 ~ _maia_33,
2018-05-15 19:53 ~ jaymartinflexes,
2018-05-15 19:59 ~ okrianchintz,
2018-05-15 20:03 ~ nina_rosca,
2018-05-15 20:14 ~ samm_hilll,
2018-05-15 20:20 ~ tasialafond,
2018-05-15 20:22 ~ johntrah,
2018-05-15 20:36 ~ cdecon,
2018-05-15 20:41 ~ mirandatory,
2018-05-15 20:47 ~ roanwar,
2018-05-15 20:56 ~ mihaicomanoiu,
2018-05-15 20:57 ~ cubanoctopus,
2018-05-15 21:06 ~ onix666,
2018-05-15 21:22 ~ officialhammiemurray,
2018-05-15 21:29 ~ lift_eat_repeat_official,
2018-05-15 21:41 ~ mat.chews,
2018-05-15 21:48 ~ javierbarreragtz,
2018-05-15 21:52 ~ seun116,
2018-05-15 22:05 ~ nabeel_always_loving_life,
2018-05-15 22:08 ~ samsonhydar,
2018-05-15 22:16 ~ apurvsinh_raol_chavda,
2018-05-15 22:17 ~ nicholas__albertini,
2018-05-15 22:20 ~ maxeffortsc,
2018-05-15 22:23 ~ _mr.spades_,
2018-05-15 22:38 ~ benj.fit,
2018-05-15 22:42 ~ fleelikeme,
2018-05-15 22:47 ~ sean.instaminion,
2018-05-15 22:52 ~ bushr49,
2018-05-15 22:53 ~ tnt_ignite,
2018-05-15 22:58 ~ passionate_about_passion,
2018-05-15 22:59 ~ raulfranco6,
2018-05-15 23:17 ~ mens_sib,
2018-05-15 23:26 ~ valkyria.blackwell,
2018-05-15 23:31 ~ diego_ferreira_c,
2018-05-15 23:36 ~ noguerandree,
2018-05-15 23:46 ~ luciedulovcova_ifbb,
2018-05-15 23:51 ~ ali_yarmomady,
2018-05-15 23:53 ~ brunorcc05,
2018-05-16 00:00 ~ matty_hornof,
2018-05-16 00:30 ~ luca.zak98,
2018-05-16 00:34 ~ kunal_kanwalu,
2018-05-16 00:38 ~ gabriellaleighnaidoo,
2018-05-16 00:51 ~ franco9197,
2018-05-16 01:12 ~ imran_khashahab,
2018-05-16 01:16 ~ _rohithadke_,
2018-05-16 01:17 ~ arshiya4327,
2018-05-16 01:22 ~ photography_dream_88,
2018-05-16 01:28 ~ shinde5191,
2018-05-16 02:16 ~ alienlifefitness,
2018-05-16 02:28 ~ sam_badloose,
2018-05-16 02:36 ~ dayana_gomez19,
2018-05-16 02:44 ~ raaz.l,
2018-05-16 02:47 ~ 8joernh,
2018-05-16 02:49 ~ carlllinde,
2018-05-16 02:50 ~ rainer_lyndon,
2018-05-16 03:00 ~ jaknelson_,
2018-05-16 03:05 ~ stephancoetsee1,
2018-05-16 03:46 ~ aryanyadav1616,
2018-05-16 03:53 ~ mi.angelgonzalez,
2018-05-16 03:59 ~ rhinosport_apparel,
2018-05-16 04:11 ~ warriorspowerlifting,
2018-05-16 04:13 ~ caleb_fitty,
2018-05-16 04:17 ~ strongman_ostaszewski,
2018-05-16 04:23 ~ mikemike770099,
2018-05-16 04:32 ~ mma_cashout,
2018-05-16 04:35 ~ ketobellbros,
2018-05-16 04:53 ~ bobstrashcan,
2018-05-16 04:55 ~ ctkenyonfitness,
2018-05-16 04:56 ~ manavchandnani,
2018-05-16 04:57 ~ andretiigger,
2018-05-16 05:02 ~ pressto.get.15kfollowers74,
2018-05-16 05:03 ~ sammyjan11,
2018-05-16 05:06 ~ glass4253,
2018-05-16 05:09 ~ caitlinorikasa,
2018-05-16 05:12 ~ jjrs____,
2018-05-16 05:13 ~ ryan_bulldog4,
2018-05-16 05:20 ~ lablackburn,
2018-05-16 06:08 ~ get.insta_foll0wers_here.517,
2018-05-16 09:03 ~ michael.s.osgood,
2018-05-16 09:18 ~ kamal_marok9159,
2018-05-16 09:21 ~ quistokainde,
2018-05-16 09:23 ~ suhaskolekar18,
2018-05-16 09:26 ~ dumbbell_ninja09,
2018-05-16 09:28 ~ ady_dadshah_original,
2018-05-16 09:31 ~ erickmarin_10,
2018-05-16 09:56 ~ arslan_zone,
2018-05-16 09:58 ~ hector_375,
2018-05-16 10:04 ~ pressto.boost.10kfollowers36,
2018-05-16 10:09 ~ wasted_ninja,
2018-05-16 10:27 ~ kusanodaigo1273,
2018-05-16 10:32 ~ k.spoon21,
2018-05-16 10:46 ~ japneetsingh_arora,
2018-05-16 10:51 ~ almagunworks,
2018-05-16 17:19 ~ nizina_marisha_official,
2018-05-16 17:39 ~ pono2018nz,
2018-05-16 17:49 ~ 19mo92,
2018-05-16 17:55 ~ eldrickpadilla,
2018-05-16 17:59 ~ men.want.style,
2018-05-16 18:01 ~ xtine_1221,
2018-05-16 18:05 ~ youssef7319,
2018-05-16 18:19 ~ bragatassio,
2018-05-16 18:20 ~ fallonmillsx,
2018-05-16 18:27 ~ jamboman1,
2018-05-16 18:54 ~ aidanfoo,
2018-05-16 19:08 ~ jordan_bray,
2018-05-16 19:19 ~ petebaggy,
2018-05-16 19:37 ~ nishumadaan_,
2018-05-16 19:52 ~ roch_ultimate,
2018-05-16 19:57 ~ cilliand96,
2018-05-16 20:07 ~ mohit_maratha_,
2018-05-16 20:19 ~ devos.arno,
2018-05-16 20:33 ~ lai_jinlong,
2018-05-16 20:44 ~ ouail_ronie,
2018-05-16 20:48 ~ poolsharkphil,
2018-05-16 20:59 ~ vichu4084,
2018-05-16 21:03 ~ tay,
2018-05-16 21:05 ~ _millionarelifestyles_,
2018-05-16 21:11 ~ iamklementinabalde9,
2018-05-16 21:15 ~ macadocious345,
2018-05-16 21:20 ~ thomson8606,
2018-05-16 21:22 ~ christianphyfier,
2018-05-16 21:33 ~ ineedfitness,
2018-05-16 21:42 ~ jsumit3,
2018-05-16 21:46 ~ rofranco547,
2018-05-16 22:00 ~ boldsuvda,
2018-05-16 22:04 ~ ken_josh1996,
2018-05-16 22:16 ~ syed_moiz3,
2018-05-16 22:26 ~ i_am_raju_143,
2018-05-16 22:29 ~ boris.d.torres,
2018-05-16 22:32 ~ ironx_morales.physique,
2018-05-16 22:32 ~ richmadefitness,
2018-05-16 22:36 ~ aarone219,
2018-05-16 22:40 ~ paul.mccormick28,
2018-05-16 22:45 ~ pokey5073,
2018-05-16 22:45 ~ pi_ka_chu___49,
2018-05-16 22:50 ~ emmaaafitness,
2018-05-16 22:54 ~ dario_martinoski,
2018-05-16 22:56 ~ joyyy_kim,
2018-05-16 22:57 ~ ravindra.kmwt,
2018-05-16 22:58 ~ m4rco_,
2018-05-16 23:02 ~ noah_azlan,
2018-05-16 23:05 ~ chimpstamatic,
2018-05-16 23:06 ~ mr_stof_,
2018-05-16 23:11 ~ leo_da_maia,
2018-05-16 23:11 ~ rso_outfits,
2018-05-16 23:33 ~ jdfhallo,
2018-05-16 23:39 ~ impiremagazine,
2018-05-17 00:44 ~ hardfestivalwear,
2018-05-17 00:54 ~ sandie_dk,
2018-05-17 01:01 ~ iggyb_21,
2018-05-17 01:04 ~ heemerss,
2018-05-17 01:09 ~ mr.dio.sanchez,
2018-05-17 01:19 ~ 60secfitness,
2018-05-17 01:21 ~ fatboyslim13_10,
2018-05-17 01:36 ~ she_lovess_tony,
2018-05-17 01:46 ~ rasit.berke,
2018-05-17 01:58 ~ hashtagadamgross,
2018-05-17 02:21 ~ dberzins_powerlifting,
2018-05-17 02:26 ~ _philrivera,
2018-05-17 02:43 ~ cd_photo17,
2018-05-17 02:47 ~ digitalfistfight,
2018-05-17 02:50 ~ hmdbrhymhmdywsf,
2018-05-17 03:11 ~ icymike_88,
2018-05-17 03:17 ~ m1akel,
2018-05-17 03:23 ~ susangmusic,
2018-05-17 03:27 ~ angieluv1599,
2018-05-17 03:43 ~ little_miss_coach,
2018-05-17 03:49 ~ iam_king_sebby,
2018-05-17 03:55 ~ polish.fil,
2018-05-17 04:03 ~ alesssandra.x,
2018-05-17 04:06 ~ ottawa.fitness.guru,
2018-05-17 04:15 ~ mirektrnka,
2018-05-17 04:23 ~ cokerperformance,
2018-05-17 04:25 ~ og_ipman,
2018-05-17 04:31 ~ craymond13_f,
2018-05-17 04:37 ~ roondog94,
2018-05-17 04:39 ~ vinniethyrion,
2018-05-17 04:42 ~ msd.catorce,
2018-05-17 04:43 ~ fionaaquilino,
2018-05-17 04:48 ~ singer_boy_gem,
2018-05-17 04:54 ~ kozlovfit,
2018-05-17 05:01 ~ royals4cole,
2018-05-17 05:14 ~ mikemenor,
2018-05-17 05:18 ~ jddewolfe25,
2018-05-17 05:26 ~ lover_of_p_cakes,
2018-05-17 05:28 ~ d__tips_for_fitness_,
2018-05-17 05:32 ~ sofiane.torino,
2018-05-17 05:48 ~ donpapelusho,
2018-05-17 05:57 ~ i_m_mr.saini,
2018-05-17 06:02 ~ fazal_f_look,
2018-05-17 06:07 ~ mystical_aryan,
2018-05-17 06:15 ~ sanaya_singh0987,
2018-05-17 06:18 ~ raja_haider_abbasi,
2018-05-17 06:20 ~ mustafa_hidari,
2018-05-17 06:33 ~ arshu_307,
2018-05-17 06:39 ~ tedholley,
2018-05-17 07:09 ~ whoisfalcon,
2018-05-17 07:19 ~ kapilbaresha,
2018-05-17 08:35 ~ jdd331,
2018-05-17 08:40 ~ jayveer27,
2018-05-17 08:42 ~ kary_let,
2018-05-17 08:46 ~ exoman1,
2018-05-17 08:54 ~ ameliamarisolflores,
2018-05-17 08:59 ~ witty_traps_fitness,
2018-05-17 09:02 ~ jesuscuevas1287,
2018-05-17 09:05 ~ layedbackellis,
2018-05-17 09:19 ~ luxlete,
2018-05-17 09:26 ~ anleob92,
2018-05-17 09:30 ~ mwyman75,
2018-05-17 09:40 ~ amj_fitaccount,
2018-05-17 09:42 ~ toonkino,
2018-05-17 09:46 ~ guy_eggos,
2018-05-17 09:51 ~ dead_in_the_saddle,
2018-05-17 10:03 ~ ericjcammack,
2018-05-17 10:05 ~ owchen5,
2018-05-17 10:09 ~ tooropmeg,
2018-05-17 10:09 ~ tobyyo01,
2018-05-17 10:10 ~ kyletfoley,
2018-05-17 10:17 ~ jdskytx,
2018-05-17 10:36 ~ daniel.carrasco_workoutcol,
2018-05-18 08:27 ~ bambaflexx,
2018-05-18 08:28 ~ tanner_riley93,
2018-05-18 11:48 ~ louisan7234,
2018-05-18 11:49 ~ mehraj.sheikh.948,
2018-05-18 11:51 ~ jayssideaccount,
2018-05-18 13:11 ~ fit_power_krol,
2018-05-18 13:18 ~ pinup.pub,
2018-05-18 13:24 ~ jordan_hatch_94,
2018-05-18 13:28 ~ boooobyy_lee_volume,
2018-05-18 14:41 ~ sinead_holt,
2018-05-18 15:13 ~ lokz_bryz,
2018-05-18 15:49 ~ bigham5656,
2018-05-18 15:55 ~ jxshpovey95,
2018-05-18 16:06 ~ plus_1_lifestyle,
2018-05-18 16:08 ~ eva.lotti,
2018-05-18 16:17 ~ 7amed_el_tneen,
2018-05-18 16:27 ~ victorkuiks,
2018-05-18 16:35 ~ daverrajan,
2018-05-18 20:43 ~ vic_villena,
2018-05-18 20:58 ~ ion.cebotaru,
2018-05-18 21:20 ~ stefanos_lolos,
2018-05-18 21:21 ~ dub_step_01,
2018-05-18 21:42 ~ plymouth_uganda,
2018-05-19 07:47 ~ mati_aar,
2018-05-19 07:51 ~ ammarhammoud_,
2018-05-19 07:56 ~ slava174,
2018-05-19 08:12 ~ alezzio_dato,
2018-05-19 08:29 ~ adrifnd_,
2018-05-19 09:07 ~ aymen.dhiabi,
2018-05-19 09:12 ~ malien_weezy_win_tal_b,
2018-05-19 09:17 ~ alex_heatter,
2018-05-19 10:06 ~ makeamericaswoleagain,
2018-05-19 10:21 ~ cutzya,
2018-05-19 10:26 ~ sergnav,
2018-05-19 10:31 ~ beef9779,
2018-05-19 10:36 ~ drippy_am,
2018-05-19 11:00 ~ missbreeanda,
2018-05-19 11:10 ~ rapid_fitnesss,
2018-05-19 20:24 ~ thesamchop,
2018-05-19 20:40 ~ dawson_gardner,
2018-05-19 21:06 ~ nicklasmhansen,
2018-05-19 21:19 ~ ludi5522,
2018-05-19 21:20 ~ michael_bauw,
2018-05-19 21:26 ~ powerformylove,
2018-05-19 21:38 ~ dedakfit,
2018-05-19 22:22 ~ thelui.powerlifting,
2018-05-19 22:34 ~ trevor_souik,
2018-05-19 22:48 ~ kole.pitching,
2018-05-19 23:38 ~ mohammadtaki,
2018-05-19 23:49 ~ wagonsdad18,
2018-05-19 23:53 ~ peter.lyons,
2018-05-19 23:58 ~ monasser11,
2018-05-20 00:12 ~ unstoppablesiddheshsakpal003,
2018-05-20 00:23 ~ rausanovjan,
2018-05-20 00:27 ~ instakeved,
2018-05-20 00:44 ~ vr83_,
2018-05-20 00:46 ~ rummel_photography,
2018-05-20 00:54 ~ linus_official_76,
2018-05-20 01:03 ~ s_heitor_20,
2018-05-20 01:08 ~ aheintz89,
2018-05-20 01:20 ~ alcides_saravia11,
2018-05-20 01:39 ~ naveen_khatree,
2018-05-20 01:50 ~ aryamanbhatnagar_,
2018-05-20 02:04 ~ abdulwahid985,
2018-05-20 02:05 ~ _mr_wasim_khan,
2018-05-20 02:26 ~ theatsymbolbutuppercase,
2018-05-20 02:31 ~ chrissj0341,
2018-05-20 02:36 ~ fit.salah,
2018-05-20 05:04 ~ danielrotter46,
2018-05-20 05:05 ~ strength.clan,
2018-05-20 05:18 ~ steidljulian,
2018-05-20 05:25 ~ peter_1523341,
2018-05-20 05:38 ~ blakemyersasdf,
2018-05-20 06:00 ~ sulmer7,
2018-05-20 06:02 ~ dr.bangulzai,
2018-05-20 06:13 ~ milbyadam,
2018-05-20 06:18 ~ jaimelongoria_,
2018-05-20 06:23 ~ reinapacifico,
2018-05-20 06:28 ~ bmichaelfit,
2018-05-20 06:47 ~ andydino,
2018-05-20 06:53 ~ coltencisler,
2018-05-20 07:08 ~ decode77,
2018-05-20 07:37 ~ miss_jess_mark,
2018-05-21 01:17 ~ werwillderkann,
2018-05-21 01:33 ~ maksim.coach.dxb,
2018-05-21 01:39 ~ joeyice,
2018-05-21 01:44 ~ the_real_yanin,
2018-05-21 02:16 ~ dennis_dressel,
2018-05-21 02:20 ~ tita87o,
2018-05-21 02:32 ~ sanskarsingh_,
2018-05-21 02:39 ~ pzadrozny035,
2018-05-21 02:46 ~ blushaestheticstoronto,
2018-05-21 02:55 ~ charsquatch,
2018-05-21 02:59 ~ swain_strong,
                                           2018-05-21 20:13 ~ aanktt,
2018-05-21 20:22 ~ dastpokht,
2018-05-21 20:28 ~ tiruthetrainer,
2018-05-21 20:41 ~ mohamadbadr,
2018-05-21 21:20 ~ preston_sports_clinic,
2018-05-21 21:25 ~ big_c_macho,
2018-05-21 21:30 ~ gianricco_g,
2018-05-21 21:54 ~ 11ewan,
2018-05-21 22:09 ~ salcocuzza,
2018-05-21 22:13 ~ taofikissifou,
2018-05-21 22:17 ~ motivateur.fr,
2018-05-21 22:23 ~ edgars.dram,
2018-05-21 22:31 ~ ninageertsen,
2018-05-21 22:38 ~ reece_ray_barrett,
2018-05-21 22:44 ~ gar_fit_kel,
2018-05-21 22:46 ~ leonpavlovic06,
2018-05-21 22:51 ~ ayan_odiya,
2018-05-21 22:53 ~ manishrawatufc2k196,
2018-05-21 23:08 ~ melquisedec_orozco,
2018-05-21 23:13 ~ _jxke_hosking,
2018-05-21 23:30 ~ mostafaomar6093,
2018-05-21 23:52 ~ rondavistogo,
2018-05-22 00:03 ~ d_i_gg_iii,
2018-05-22 00:20 ~ athleticaesthics,
2018-05-22 00:24 ~ christian_hartigan,
2018-05-22 00:35 ~ saundersoncameron,
2018-05-22 00:42 ~ _lewis_winter,
2018-05-22 00:51 ~ olemandersen,
2018-05-22 01:06 ~ maga_chupalaev_095,
2018-05-22 06:47 ~ razorroses,
2018-05-22 06:49 ~ whit_powell9,
2018-05-22 07:23 ~ deserte,
2018-05-22 07:28 ~ gymplace_torcy,
2018-05-22 07:46 ~ mtsferro_stuart,
2018-05-22 07:54 ~ np_strengthtrain,
2018-05-22 07:59 ~ kevinmalone___,
2018-05-22 08:30 ~ health_hazzard,
2018-05-22 08:42 ~ vishal_bansal30,
2018-05-22 09:18 ~ ki_ng_sh_o,
2018-05-22 09:32 ~ galaxyfunclub76,
2018-05-22 09:35 ~ ianobannion,
2018-05-22 09:41 ~ sham_mahs,
2018-05-22 09:50 ~ jesse_lovejoy,
2018-05-22 09:59 ~ fredbernard01,
2018-05-22 10:19 ~ jhonatan_villegas_alvarez,
2018-05-22 10:29 ~ mayorhaze420,
2018-05-22 10:41 ~ asifhussainbespa,
2018-05-22 10:51 ~ syed_salman50,
2018-05-22 10:52 ~ parvaiz_pathan02,
2018-05-22 10:59 ~ pablo.herz,
2018-05-22 11:22 ~ ___mr____shadow______,
2018-05-22 11:24 ~ suraj_salampure7121,
2018-05-22 11:30 ~ desi_guitarist1,
2018-05-22 11:36 ~ gauravyadav6737,
2018-05-22 11:42 ~ yanuwarefendy,
2018-05-22 11:51 ~ shivamjamwal1,
2018-05-22 13:24 ~ phil_goodallpt,
2018-05-22 13:34 ~ health._home,
2018-05-22 13:51 ~ _jaideep__jd_,
2018-05-23 01:34 ~ stephan_14_11,
2018-05-23 01:43 ~ thegymadvisors,
2018-05-23 02:06 ~ kingfkinkim,
2018-05-23 02:13 ~ cappucchinopapi,
2018-05-23 02:17 ~ _markelk_,
2018-05-23 02:22 ~ franciscojavier509,
2018-05-23 02:27 ~ josemanuelcamposrivera,
2018-05-23 02:32 ~ kutty_paiyaan,
2018-05-23 02:49 ~ meditation_psyche,
2018-05-23 10:45 ~ dnd_fitness_,
2018-05-23 10:54 ~ aneta.moravcova.73,
2018-05-23 11:06 ~ newshazendegi,
2018-05-23 11:16 ~ jannepmikkola,
2018-05-23 11:19 ~ cruzn8er,
2018-05-23 11:23 ~ seeds.of.wellness,
2018-05-23 11:37 ~ kimathy_,
2018-05-24 10:36 ~ jaredkeen,
2018-05-24 10:42 ~ dylon_cook22,
2018-05-24 10:49 ~ chriz_r0,
2018-05-24 10:50 ~ saikumar7482,
2018-05-24 11:03 ~ ashley.arch1,
2018-05-24 11:08 ~ medrano490,
2018-05-24 11:25 ~ redmodelphotography,
2018-05-24 11:46 ~ drivilla.strength,
2018-05-24 12:09 ~ connormneill,
2018-05-24 12:13 ~ benjaa__e,
2018-05-24 12:23 ~ paoloalvarez,
2018-05-24 12:39 ~ gladiator_training_system18,
                              2018-05-27 15:53 ~ robin.steve,
2018-05-27 16:06 ~ ankitzzzzzzz,
2018-05-27 16:10 ~ brendonpeppard,
2018-05-27 16:25 ~ arunkumar4p,
2018-05-27 16:51 ~ a.duk2102,
2018-05-27 17:17 ~ thedankcomrade,
2018-05-27 17:19 ~ seantrennan,
2018-05-27 17:38 ~ johndeadlifts500,
2018-05-27 17:39 ~ big_poppa_pump84,
2018-05-27 18:15 ~ micah_morgan97,
2018-05-27 18:22 ~ catenajoe,
2018-05-27 18:24 ~ dthaesthetics,
2018-05-27 18:34 ~ dejan_omul,
2018-05-27 18:36 ~ drey_994,
2018-05-27 18:45 ~ michael_porsovigan,
2018-05-27 18:53 ~ cb1___,
2018-05-27 18:58 ~ zamirgamza,
2018-05-27 18:59 ~ johnnyjuice1,
2018-05-27 19:04 ~ niicckk,
2018-05-27 19:08 ~ alexrodin_kld,
2018-05-27 19:19 ~ _princewaghela_,
2018-05-27 19:41 ~ rusal_kundra,
2018-05-27 19:50 ~ mutantfitness_life,
2018-05-27 19:51 ~ cherylisu,
2018-05-27 20:05 ~ arte.favela,
2018-05-27 20:13 ~ heraspire,
2018-05-27 20:15 ~ trailnewfy85,
2018-05-27 20:21 ~ captainkalebcharters,
2018-05-27 20:36 ~ wbp_eugen,
2018-05-27 20:45 ~ gangstar_mr.xherpa,
2018-05-27 20:49 ~ manojgowda922,
2018-05-27 21:03 ~ karan_verma_123,
2018-05-27 21:08 ~ tauhid_ahmad_official_786,
2018-05-27 21:19 ~ jtbeal_07,
2018-05-27 21:26 ~ marekbolczyk,
2018-05-27 21:32 ~ scottfoerster,
2018-05-27 21:37 ~ fergalocoart,
2018-05-27 21:47 ~ preshit1000,
2018-05-27 21:49 ~ gufran.qureshi.3511,
2018-05-27 21:51 ~ madhursahu01,
2018-05-27 21:57 ~ makarandkudapkar,
2018-05-27 22:13 ~ call__me_______aju,
2018-05-27 22:40 ~ moist_and_creamy,
2018-05-27 22:46 ~ arrestingone,
2018-05-27 22:51 ~ shashi2922,
2018-05-27 23:10 ~ karmanyumehta,
2018-05-27 23:27 ~ mohitchourasia971gmail.com5,
2018-05-27 23:28 ~ pat_mccorfit,
2018-05-27 23:31 ~ body_shape_gym,
2018-05-28 00:22 ~ hakeemsulemanbhopali,
2018-05-28 01:02 ~ rostam_atai,
2018-05-28 01:10 ~ mario_gennaro_official,
2018-05-28 01:29 ~ wh0lesalejay,
2018-05-28 01:34 ~ ahemadmatloob,
2018-05-28 01:44 ~ toba_yes_g,
2018-05-28 01:50 ~ edwin_jeifer_,
2018-05-28 01:56 ~ _jvyden_,
2018-05-28 02:01 ~ _filippo_ft,
2018-05-28 02:17 ~ praveentetali,
2018-05-28 02:21 ~ jan_kok_jan,
2018-05-28 02:42 ~ phoenix.fitness.equipment,
2018-05-28 02:47 ~ iamkhateebdecadabra,
2018-05-29 08:10 ~ tonyo8187,
2018-05-29 08:33 ~ gymhomeapp,
2018-05-29 08:40 ~ ashpazi.66,
2018-05-29 08:48 ~ 00donzell,
2018-05-29 09:06 ~ cristianvalencia1895,
2018-05-29 09:11 ~ farmergettingfit,
2018-05-29 09:18 ~ levostr5,
2018-05-29 09:24 ~ regie_aes,
2018-05-29 09:25 ~ ameenjradi,
2018-05-29 09:28 ~ jckdinsd,
2018-05-29 11:33 ~ tanergueney,
2018-05-29 18:27 ~ dragonwolftrader,
2018-05-30 07:22 ~ dirtyjames,
2018-05-30 07:45 ~ rogey796,
2018-05-30 07:50 ~ nikotsafaridis,
2018-05-30 07:58 ~ shearstylebytaylor,
2018-05-30 08:11 ~ sierra_viking,
2018-05-30 08:30 ~ coreymurrayy,
2018-05-30 08:48 ~ billeh23,
2018-05-30 09:02 ~ cabalofthieves,
2018-05-30 09:11 ~ omarmiah,
2018-05-30 10:43 ~ br_ask,
2018-05-30 10:47 ~ jaykebrwn,
2018-05-30 10:53 ~ zach_ort,
2018-05-30 10:59 ~ rezafahlevi8253,
2018-05-30 11:00 ~ __caiquem,
2018-05-30 11:10 ~ elimay_yamile,
2018-05-30 11:19 ~ grand_master_gainz,
2018-05-30 11:25 ~ luo7125,
2018-05-30 11:33 ~ cvgangs_b,
2018-06-01 02:58 ~ yuradubinin,
2018-06-01 03:00 ~ stevenjeanabeachey,
2018-06-01 03:05 ~ alex_camaro,
2018-06-01 03:10 ~ tenaclisa,
2018-06-01 19:38 ~ deepak.chaudhari,
2018-06-01 19:47 ~ health._home,
2018-06-01 19:56 ~ genetic.fit,
2018-06-01 19:58 ~ dastpokht,
2018-06-01 20:11 ~ mr_mighty19,
2018-06-03 12:45 ~ herefuckyou,
2018-06-03 12:53 ~ darin_berger,
