nicoletam1311,
giuseppetravels93,
11kareem.mohammed11,
canodunaroglu,
fabio.ribeiro95,
albfitness,
ascarborough54,
henry_lm,
chukkawan83,
manuuu_j99,
simplythedanfans,
lucho._lp,
paoloteves,
mrsiouou,
alexandru_caramfil,
rabebrian,
goshaanhealth,
brittybfit,
natalya_fitness,
bryceabernathy,
latalaye,
luis_mmcruz,
asianmike77_,
_qamar_hashim_,
jose.lillozelada,
akhil.sreedhara,
__saifahmed,
e.r.barraza,
ebeny_dioum,
ffffabio_,
vincenzo_marra44,
joao_pedroub,
nick_pappagiorgio87,
nikunjlionel8638,
migue_zc,
maximilian.pilz,
rsanc33,
fit.khan,
tikilembe_,
jj.pauley,
josephishere,
g__cool_,
bruno_gome.s,
fransiskapailang15,
royal_gamer88,
shynylinsterkai,
munekata.shohi1341,
julianne.loiselle,
texasmade_66,
mr_official_chetan,
arunoxygen02,
ds_gomez,
johnny_apo,
pretoriusjeandru,
agp_lexx,
aesthetic_prodigy95,
justin_gainz227,
enlightened_savage_101,
mohammad.babazadeh9892,
nilesh__nk_,
naval_2033,
jeet9729,
theblackheart_._,
marwansh_insta,
abhishek._.ranjan,
umairshah51,
lshybnybwyd,
izazahmed_ijju_2013,
abdulrehman8976,
mandeep1674,
lindagustiia92,
choudhary.0786,
miku_8_miku_8,
ashley_va322,
markoo_tomic,
two.blackbirds,
noahleander,
lukyvan0211,
blakedfa19,
braydenbaker35,
rise.fitness_,
ezydamus,
roccos_fitness,
cthulhuflagan_,
laad_sardari,
shail0001,
praveen5473,
mannudayalpuri,
30_team_salman,
sumanj143,
ashoksurya7862,
arman___malik___officiall___2,
skeleton.king.7739,
4mrik,
diliprathod1129,
sasimranjitsingh,
anuragsingh.28,
indian_shoutout_pics,
anchu_anas,
money50singh,
manjari.ladybatman,
patialashahi_records,
rizwan.alone,
ghouse3314,
subhashkembhavi,
amrit4124,
iryn_uppal,
jayeshjadhav209,
stylemachine149,
chetan.singhh,
aulakhgursumit_insane_jatt,
gym_fitness1.0m,
vaishali_patel_96,
official_jassi_jasveer_singh,
ashish_jn12,
imranshaikh7319,
one__wheel_kid,
jasprit.cheema,
kentdewit,
kunaltorawane,
itisabhay,
samgurung2222,
mr.sakhan,
gulshanasrani,
v_i_v_e_k_j_a_i_,
pollathavan_nagaraj,
jobin012,
iamashu_1_2,
manvender.singh.796,
deba.dng,
pankajsundriyal2001,
desimodels555,
yahay_alqaisi,
thechaudharysachin,
kamran.aslam.1675275,
__a_p_p_u_z__,
official.priyanshu_chauhan,
zee_star,
nithya_ganesan96,
shady_yaman,
_simplycoz_,
shivam_gurjar0001,
patel_jay_3989,
yohann0994,
ketan_buwa,
vikhyat_mathur,
i_am_pratik_dhumal,
pardeepth00001,
_manishsharma_,
aapu_zack,
amol_d_chavan,
dineshsrivastava162,
xprofitacademia,
blossom_sahoo,
william.mathew.52,
abhumr.360,
beingsurya96,
pol7477,
ranismac,
an.urag385,
janadaur_city,
malik11113676,
nehal_lavi,
packerbay12,
sharadsoni_,
indian_fitnessworld,
atulprajapati54,
andrew__lc,
wwe_a_m_mohamad,
samson_sam123,
mych3micalwarfare,
khaja_sultan,
your_dream_boy._dev,
yash_pant_m_t,
manojsharma7262,
dr._barfi,
onxu_,
angryell,
rautvyankatesh,
monssef_le,
kuldeep_singh.solanki,
wali_iid_,
branpitre,
pushard_fitness,
lamovidapty512,
wasil_raza_official,
schatt7,
andersonassis299,
watershasta,
krenaksuplementos,
tamie524,
ukgurl_,
claudiaosoriogutierrez,
kubo_powerlifter,
djabad22,
jj.pauley,
richardgdl_fit,
oyenavjot,
buluphotowala,
anubhavkalsi,
frhan_shaikh,
tarunkalotra,
zedan_ibrahem_,
____prros,
mr_nikhil_sawant_2559,
ranit.sonker,
swat_mahmood,
abhil5925,
hemant_rathi_hr,
alexrashford_25,
ansari__nayab,
thecutegirlmitali,
mohammed__hussain__official,
itz__ramendra,
baseer._.007,
rajput.niel,
modelajju,
hadinshaikh,
ratnadeep_4141,
zz_sid_roy_6666,
pbftaboao,
mr_w_r_e_s_t__l_e_r,
t.ravi14sonu,
jpfitness85,
bigcox68,
pressto.gain2kf01lowerz82,
cj_2times301,
sc_0rpi0_72,
edw_w86,
shrajesh,
triciaduren,
willem_beezy22,
smith_sad_official,
bold_striker13,
drchrischew,
wyatt_story15,
free_youtube_promotions,
_aamoss,
lionsandm3n,
finesser_28,
angel408gonzalez,
ismaelmendieta_17,
aj26point_2,
douglass.fernandes.963,
nirav.vala.543,
totohebert,
roberto.martinezruiz,
the_memelord_88,
lelesay,
sathish_rc_12,
cebola_fernando,
chiku_panigrahi,
_._.saurabh_._,
itz._____.piyush.143,
fan_comedy_ka,
the_fitness_station_,
saurabh_salunke143,
rawatkhushal71,
dhruvrajsinh__9,
unstopable_prashant,
z.zubair395,
the.dainelygrind,
tommo.swanson,
karlwoodley86,
silkysmoothjohnny,
vidaintegratedhealth,
o0seb0o,
ohleeleejade,
darin_berger,
free_the_gains,
hamzatajite123,
andresmartino87,
helloyip,
b.watkinson92,
andrea.pedrazzi,
superboomz,
janewunder_,
finessebrandgoods,
mtmackjr24,
samuelbvic,
samcouchman,
lfpwrlift,
starlabstrash,
triple.m.fitness_,
pat.d.plate,
emiliofrancisco_mio,
saad_jawdat,
baileyshumack,
gainz_day85,
petravaumundova,
phillip_wajda,
jonnybenice,
fathervfitness,
itsurdhillon,
livestronger,
wafazaitouni,
francescapacheco,
jorgerejame,
loceros.training,
lasseschowing,
kegenixaustralia,
harishsherugargmail.com2305,
brownsfitness16,
rachy_love_life,
rogersharksuperstar,
vitalik_trener,
samdm530.fitness,
fearghal_campbell,
ak.17__,
mr_ranjeet_nooli,
mdk.42,
rajkumarmaity212,
sheikh_shahroz_1,
wheels2go,
the__oblivion,
rambostallin,
ademavc7,
rohittamhanakar,
malkeet6109,
aamirkhan8266,
chitreshwar_srivastava_,
the_picographer,
carvalhoandre3266,
hamid_shekho_,
hbounour,
esenrelax90,
davidshreded12,
jasonvivo1,
mohsine_lamayene,
devil_fejju,
mohanadflah,
nawab_2796,
muhammadumer_siddiqui,
mark_thesavage,
sanket__bhalekar,
yaar_47ala,
fitnatixx,
sujitpandey822,
dhanju_boby,
punjabi_cafe,
socialfollowers8055,
brettflakemore,
abdellahe_sabri,
khaleelkunnummal,
fhdldwsry1277,
estrada3d,
dipesh_chaudhari_1,
dhairyasheel_mane,
shivamyadav5876,
mr.meet_360,
sungwra_brahma,
dhaliwalnotnice1313,
me.arijit316,
rohit_lanjewar_,
pruthvi_raj_singh_rathor,
mr.krn_999,
jagroop_sandhu_pahuwind,
eezy._e,
fitmaddy,
samay_cool,
ammiebaba7050,
kampi_singh,
sikhmanstyle,
sukaran_dhagga,
rishikesh1704,
gurjeet_singh_gahle,
hassanhunter1862,
kishor.baghel.3701,
sameerkeskar5024,
khanrajukhan54,
kef_7u7,
aditya_jugraj,
daviidmx,
khaled_guerfi,
prateek_p_11,
sourabhbansode,
ashun_patel,
prabhpreet_singh_data,
pardeepsingh8298,
gauri_2804,
amitsharma9158,
raghavlahar_wwe,
platinum_dreams_,
cbrown_nextrung,
fallonmillsx,
mrmusic360,
qhysique,
tymills43,
tino_lopez_321,
avery.garza,
allsacpapi,
soldiers_valor,
devin.blake.7796,
ishhyoboysaa,
satyamchandra4,
amanveer8029,
grishmapandit,
nahidnajeem,
ajinkya518,
akshatshah973,
lazarev.al,
choreoamitkumar,
sahil_ansrei,
gajendrakushwaha.gk,
subhadip.majumder.3998,
adnankuhdhair,
sultan.sarfraz,
sandeep.taware,
vik_farmer,
javi_suarez7,
risholtarina,
tarun__4328,
fady__0,
mused_abstraction,
harman.felixx,
bhatpreet,
mohit_sharma175,
amandeepsingh_02,
s_pakhale_official,
deepaksharmagmail.comsharm,
bst8700,
rushipote123,
_the_sarcastic_pahadi,
cahaya.nur.90,
andrelinobf,
mr.online3,
mayur.renuse,
honey_xesthetics,
lucas.santosdaniel.5,
anup4310,
raghurathora5555,
sagargulia9272,
pushkrajkushare,
niik.pawar,
awesome_boy_1_4_3,
gul_jan_1,
buoii94,
dc_balicki,
trevor_vgt,
dee_cee_rebuilt,
pia.lerce.kettner,
kstrom99,
gorkalanda96,
fitnessden,
rahulbhai8435,
soham_rs,
poswalrohit,
vedant_pednekar_29,
prabhat_tiw,
_afjal_khan_,
_kuldeep_raghuwanshi_,
jayeshathwani59114,
dbcmarketing,
states_ki_zindgiii,
freelance_photography_prasad,
soniji_official_,
sahil__upadhyay,
shoeniverse_8,
henrybhadra,
mungelkarpranay,
yogeshthakur79,
trainfor_fit,
shankariyer1234,
hpym007,
chowdri_,
jalasaienterprise,
jainkeshav05,
am.irreza4680,
kaushal2139,
karlos.nunez.10,
motivationsuccesstoday,
big_d_bags,
nutz_produxions,
allabouttheweight,
selectivepromoter,
massrecruiter,
the_anon_04,
rc06298,
daduerande,
i_am_vivek6051,
im_shubham077,
shezan___mahmud,
duke_dilli,
noushadmtl,
life_quotes4447,
itz_.robinrajput,
adarshsingh1854,
mostwanted_alex,
irfanmalikworld2,
ishan_makwana,
harshal1044,
shivamshivam58176,
vanararavi,
rallye20vt,
tushar_singla_4096,
thakurpalsingh_official,
strawstack_shortberry,
danny_tee2green_n2,
rwillis_fabio,
umair_uddhin,
jacorojas,
sourav7072,
himanshu.world,
rohit_mitkari,
name.is.nandu,
ohhbhaisahab,
p.i.k.a__c.h.u,
allyouneedmarket,
sayalikarpe_,
rajamanahira,
gauravkarangiya12,
debojyotimozumder,
_priyanshu_pandey__,
shettypramit,
amitoppo82182018,
manpreetsingh1541,
yenidogan_gercekleri,
rakesh7971kumar,
krazy_boy_sunil,
anindya_banerjee.9,
venkyv668,
royakashnil,
bidyutsardar1,
_sahiltandel26,
dp_digvijay,
foxonfeet,
sy3d._.musta5a,
akkip________19,
iftekhirul,
faizan_im,
vurdugoololdu2017,
m__a__n___i__s__h___,
sepatu_bandung003,
yashwant7154,
high_class_man_,
arulmurganarul,
dskameshrao0002,
mr_aryan01,
huzaifasiddqui,
ramansiddhu,
m_o_n_u_j_.b_o_r_a,
clv.saw,
rajdeep90550,
amanjoshi4571,
iamsingeraayush,
imr_a_9,
___sarbajit____,
singh9369,
sukhi_buttar,
gurjin0,
shahariarfardin777,
punjabiteeco,
praveenchandane,
prateek_chhillar,
simranjeet0004,
danish_5fit,
visualnutrionsm,
lakhwinder1243,
its_gk_time,
justsakiransari,
zoyaqueresh,
ct_dogg,
therealgianmarco,
parwez_07,
kartiksiriya,
imran_khwaja_khan,
thenathanscott001,
manmeet.phagwara,
kazimabbas247,
abhishinde6385,
sattu_143,
ritikkabaddiritik,
saurav.sagar_official,
amrendra_aman,
joe_b_won_kenobi9,
krishnashahija,
jayraj_2030,
gggt8830,
aadilmark69,
siddiqking069,
sarajaanfilm.2,
harsh8039,
missshefali94,
shikharverma46,
_mohammed__anis_,
sharfunnahar,
azfar.azfar.79677,
lianalaurie,
zetajeremias,
srivathsa_n_bhat,
aidenpraju,
felipesaa02,
raw3aakpopp,
ronald_jaffrey,
princekumar587,
_emi_79,
akashskysmokie,
romichraz,
mr_jignesh_3653,
aaditya_pandit_22,
furqhanuddin,
its_jagtar_22,
madro_king,
calm__boyyy,
noor__yo95,
biandradeoficial,
hanns75,
wasted_height_potential,
superhoben,
beertom13,
future_scientist_0_00,
janakirammiriyala,
le_bah_,
venordika,
rickeywilcox79,
nicck_chase,
carlosbartolo08,
little_italy95,
khaled_hoshme,
our.liife,
teamflexappeal,
josephreilly2010,
realgalinganchev,
john_hannon20,
nab.ferdz,
marcelwiebern,
crushpizza,
houseofbros_,
tonnypc1,
manishshah1587,
dpjust,
md_arif_anwar,
formula_dee,
mbielaga,
ghumkad_ladka_,
aesthetic_rishu,
rossrui,
sharnemurphy,
sabki_fevret_princess_aisha_rk,
vishwamber_,
tony_izaguirre,
coachmarcos_krt,
connate_me,
chetan.gujar.5492,
tausif_king_khan,
believer_asu,
sidharth.routh.7140,
nidheeshkrishnan6866,
justclick__,
shagooyawarr,
priya_singh41,
srinidhijangala,
sachinswami222,
bankatrathod,
fylani24,
_priyam_lifestyle,
rana_paaritosh_singh,
davidthomsem,
tone_42og,
degendrifter,
ollimalmberg,
shabina_mojid,
tictacfury,
siva_prakash__,
khipalmandeep,
iam.guddu001,
yadavrahul14,
_igoorzin_,
praveenkumar3018,
dfoodfool,
zaricollections,
this___dude___,
sachin_jakhaaaaar,
mandeeps02,
estebanjuin,
iashish_bisht,
shyambujji,
mk_meena0104,
norozatkuliak,
coachbz,
dragon1s.321,
sushantmalik08,
ll._nitesh.y_ll,
hamzaa_.zafar,
jd_5599,
mouli.mahesh,
samir_officiyl_46,
smarty_mohit_sharma,
ashwyin,
vivek_ingle_photography,
walia_2205,
kichuzz_mad_lover,
marekmurarik,
_manpreet_gill3888,
si.samoe.interesnoe.si,
moh.fatirarafah.sahrulaswad,
nitu.mundra.104,
lokesh_darmaraju_6162,
ssd_sourabh,
saidakhanxyz,
seifoutiwil,
faresfares9,
jacobwmartin1,
cigarsister,
sim_simma_boi,
s_t_barna,
noselequedonada,
joseperez1438,
cricketer_at_greenpark_stadium,
its__shoaib__,
tharol_rahul,
mr.saswatdas,
marcandrelaforge,
hiralp758,
gregarmfield,
bansodekeval,
shaika4923,
ketkiieee,
kaushikdeepak620,
solitary_social_recluse,
totallripped_mark,
varinder3008,
zmkhan6789,
blessy14,
dominguez908,
tomgreen_17,
itsmccallister,
kavyasing5554,
kush_narang0074600,
bhardhwaj_sourav,
akshat2907,
avitiwarii,
dhruvparmar5491,
lxxv.vxrsvcxx,
mr_thakur_8081,
bathoi5516,
moumita690,
gia.mendez,
hosny349,
shahu_khan88,
mettbos,
dilshod_nematoov,
cristiancamacho1299,
kylelukas1,
camsgymlife,
jistin.kapil,
hamada.galal.96199,
yahiboos,
i2nnnnnnnnnn,
needmytwin,
yogeshlodharajput,
shiv_patil_100,
mr.ps_choudhary,
ss.leet,
red.deliallisi,
adam.lks,
andreu_le,
aatish_donde,
elsaroberts1,
si_fan,
sumit.gohar.7503,
getcayenne,
namratabhattacharjee.lb,
moviemotherhood,
shaikhshahnawaz130451,
prit.jadhav.3511,
kimberlyng09,
sanughosh420811,
yahyakhan43,
sahil_tyag,
wahyuningtyas265,
9wx8,
rohanbisht1729,
pnwr_navi,
ad.itya5605,
ka.la613,
etredovian,
eliasrbau,
scottg32,
deepak.chaudhari,
akash_singh_1718,
betinho_wf,
laxmikant8497,
vishal00021,
ram_rod_1776,
formidable_justice,
yashraj21patna,
chahal.harpreet43,
emmaskali,
nikkiyada5277,
armanali746,
raghunandan_ray,
vieolopez,
poojachoubisaa,
fashionstuff.pk,
deepaktawar08,
dehadeomkar,
ankknath,
amitkumar_official_,
mohaddishayat1998_28,
healthy_eating_addictrp88,
rahul_rajpoot578,
sanyam_jain07,
gurjeet_singh89,
rc0405494,
tin_tin31090,
pa.mendoza,
mayankkumarsalon,
girishadhale,
v.e.a.l_d.e.a.l_,
sujitsaha02,
beatrisse.reynolds3279,
anshu_gupta_1999,
realspotme,
amanthakur_fit,
cosmin.2000,
jay_k.suthar,
ks421289,
_._.r.i.s.h.i._._,
sumitsin5184,
gurri_ramgharia,
mick_fits,
vikkidhandre,
__batman___01,
singhg4515,
rudratiwari12,
harjeet_dhaliwal_1690,
xx_.inzys_95_xx,
_____nidhii_,
biju.hasan,
danish_malik_fanclub09,
dbzmerchandise,
jaat_deepak_chaudhary,
vaid.rohan,
goran.zlatanovic.12,
sarthakpatil_,
pandat_ji_perfect,
sukhwir_singh,
mr_m_a_d_d_y,
danifradkin,
sahil_p_solanki,
official.malkeetbains,
inbisatmajid,
acharya.abhishek.338,
tandonbharani,
irahi._.k,
naif_m_zaman,
mulsken,
raviraaj_kathi,
gaurav_choursiya_gc,
shuklay044,
thorkebasumatarygm,
mongrol_gypsy_king,
laia_222,
love_status_mix_2018,
c.mccaffrey25,
abdifitness,
miller.time89,
unkown_face,
sultansaif_786,
a_nkitbashata,
dariush.e.2000,
sinsatnam1,
sk59257862017,
sagar_pathre,
yadav.atul.5458,
luu.aarevalo,
congduc111,
omarmozatr,
aikawachua,
lukasflockaflame,
shivam_gujjar_miragpur,
i_amaan.___,
s_kr_singh,
steinbrinck_julien,
aftabaziz437,
deep.tayde,
hey_im__the_one__,
nucci.fit,
a.w.s.m._s.w.a.r.u.p,
gurmeetahujaa,
hrishi9750,
adnan_addy_ns_6603,
_addu_mohit_06,
hony_stark,
dltng.sdtm,
bczb3st,
nicolasrubilar2,
akshay_patil1996,
jlecab,
camil.mammadov,
danielrainr,
aqib53,
_i_am_ak,
ashushukla7950,
amit_khetal,
zuber6487,
lavish5886,
miggo_gynasyde_clarke_500,
subham_kr_sam,
shabeeha110,
rush.sh.007,
mhiranda_dmy,
nesma_khan,
street_creations,
r_e_x_h_a_j,
ariky_csm,
sahilfanden,
rashik_p_,
varmaabhishek5888,
amitsatpute2196,
abhijeet.sinha.58511276,
prit_panda,
tiagoestevaofaria,
pepperman98,
amangulati_16,
mohammadsaif9301,
vivek.maurya1011,
lovegururangwani,
sumit.sumit.31392410,
mohamad89890_,
khajuria4916,
syedmuzammilsmk,
acosta_416,
babayev_504,
youdownwithacp,
neerdowell_extraordinaire,
subindersingh,
divas_chaudhary01,
mr_saurabh_gharat_2559,
hyl2392,
shamsher__1315,
wrx_letsago,
raulb50,
mattdavisdrum,
thakur_harshvardhansinghc,
nanawareritesh,
miqayelyan_.777,
sivaranjan_p,
meirajhaq,
officialharpreetdhillon,
happy_shroff,
johnnyrocket9000,
smit_patel_15_,
dr.corybig,
jairo_personaltrainer,
sanjay_buragohain,
_viv.xx,
vijaydhama9715,
world_fit_fam,
mohan_cage,
ritumalhotra_official,
sharik.shaikh709,
shaik_saddam_5585,
mrinal_chandra_official_,
__vivian_laksh__,
kimjnr0001,
saeed133142,
munish2064,
william_grinnell,
stevanus_apr,
adilhussein698,
humi_fitness,
praveen_sharma0,
_naman_tyagi_024,
tracey_beresford,
malik.jabber.3,
scottyah,
fabiodbr_,
vamshi__bob,
fitness_marloncoach7,
hairy___potter,
khawajaosmanulhaqofficial,
metalfitness666,
_naiyer_warsi_naiyuuuu_,
eliastoube,
prashantmakhare,
tamta4414,
ucanpt_arni,
abhishekthorat100,
badoninitesh,
shawnzygetsfit,
itz_nickmehra,
pspeeyush77,
kang.dongchan,
anikaishqbaaz1429,
calebkeeling,
_mashnoor_,
official.malkeetbains,
mdimraanhussa,
cal_me_gaura,
anshuman_shah,
thommy_athletics,
tej_banna_rj_07,
lendafashions,
thatkiddchrissss,
xtremehood,
sooraj_rh,
joyencommeene,
aasu___007,
mubashir.insta,
ajthakurji,
ayush_rahul20,
_jayu_1004,
divyansh_gupta__,
chinmaydhamale_96k,
prabh557,
aleksandrkalinin5011,
ppkhy456,
_famous_banda_,
vinodh1794,
zahidansari6145,
peruana1988w,
biandradeoficial,
arlindomartina,
kirin_king8,
stewartwattson,
marcandrelaforge,
dil_dar_tailor,
im.om.kudale,
the_rizwan_khan_power,
mr_jigsaw_,
chaudhary_s_a_c_h_i_n,
naz_chowki,
hyderabadi_style_,
                   jake.poulin,
beingmandeep_,
physical_mastery,
thijs.vk,
vyaspurav,
nikhildeo22,
topexercises,
gyani_999,
gaurav4595,
ayazpatel1987,
abhijith_s_thampi,
b_radleybrown,
mumin__shahroze,
kinobody_entreprenuer,
nl.accessories,
dipesh_gurjar001,
steph_codo,
murtujaahk,
matthewcshughes,
jasper_houdijk,
dirtroaddollars,
heavenly097,
escobar6382,
shootervilasjat,
phillipambrozewicz,
urbicar87,
arvin_nation,
hinal1102,
willbaxterfitness,
cole_hallam,
nitsuhdemewe,
mdestiakkhan,
ranganjit,
gymgeorgie98,
ashley2937,
aman_fitness_trainer,
stefenirecken,
fbfr35,
naomisandalls,
tabhsyed,
antonio_l.e.o,
shaikhtauheed522,
silver__dog,
vachnesh_shukla_,
fabian_ki,
jacktenke,
_mariacorreah,
azhar_king_qureshi,
workout_healthy_guide,
40fiedfitness,
gymletix,
shillukiroriwal,
florisvdaa,
kamilwsh,
anas__fit,
sebastiangoetkint,
himanshubhadauriya12,
matthew_gilmore7,
divyanshu_21,
h.a.r.d.i.k_98,
abhi_aabhu_bholu,
360_body,
levv_,
djs667,
eliteathletics_co,
prit__parmar,
whovivekyaduvanshi,
mirektrnka,
muzic94,
jmedfit,
djallen5150,
millie.karpel,
freshstartfi,
tracie.hall.71066,
mahmoudali01220,
abhishekkhadia,
shrenik.mistry,
jithureddy66,
bugarin1174,
sanjupatil143,
daekwomb,
armin__yosefiii,
bkow716,
a7med_7ama2ii,
pradebonsueli,
nitish_chao,
gabriel_fiit,
suryavanshi.sushant,
prasanna_aga14,
narendra.mega0987,
lpjosse,
biandradeoficial,
madzdoesgym624,
ca.ndace1989,
alpha.respected,
50shakessofwhey,
twoheadedbrayne,
sani.adams808,
rushi_patil_143_,
_nellyyyyyyyy,
kilemal89,
akbajicx,
thecooliest1002,
c_note5.56,
owenthomasfitness,
ryanmartinezfit,
shanelle.windom.343,
kahill_moses,
rajatsahu142,
fitchik_morganwilliams,
jdonttplay,
haneef.mirza,
harshithprince,
shootout_boys_and_girls_c_b,
fit_fitness_video,
enddd_galbaat,
sidhant1138,
jabir_mohmd,
its_ur_boy_prats,
jayjoshi2478,
saihrs0271,
milind7744,
s_d_nayak,
theo_brenner,
w_rohan_2003,
kore_sagar0210,
manisha1465,
sandeepyadav5079,
kiraninyourlife,
imgarry23,
andycele22,
pauloupito,
rafajonax,
tytanos_uk,
mit_asapn_alpha,
bisudakhin,
emonikolov2021,
he.man21,
from_a_teens_heart,
gheraissayahia,
somarpita8945,
alphaashvin,
vishal.bathla.581,
brutality_sc,
lakshmansinghbhadoriya,
guruveerguruveer7,
trushil_official_30,
dankomanjak,
vibhudhsharma,
kamalkashania,
bhaand_baba,
angel_morenay2018,
buff.mermaid,
followerplus100k,
goharvirat,
jakenewell02,
andreea_bali,
raj_the_batman,
vikram__anand,
qu8176,
riccardo_civita_official,
rhushikesh_nile,
miguel.norte,
jatinsaroya1,
r.a.h.u.l_t,
welcometosarthakcity,
ahire5146,
mikewiltraining,
being_chahal,
nutrahub.in,
_____sanmit_bhide_____,
benevegfitness,
sukhi7386,
bittudhalwal,
dwijendikshu,
3eing_gaurav.wagh29,
asif.nawaz.kpk,
navedgymholic,
w_rohan_2003,
zu_b_er_khan,
harish_bharti0271,
geltosg,
azzharmalik,
jatin_balotra,
__rk93,
rohitrokx,
ni9htowl_6,
chintu565756,
mr.acehigh,
dany_lifts,
guri.saab.7837246116,
siddas_,
pavancasein,
amazing_singh,
ajaygrover9316,
i_am_shutterbug_,
expofitnessbolivia,
sohel_saiyed_87,
dj_marcy_x_0,
mariours09_,
lifewelldunn,
rebel_fitness_freak,
ssjuris,
ashwintrivedi490,
crayzed_l_,
mr._sank,
mohd_abdul_mustafa,
sherryreynoldshardenbrook,
ranjeetsingh2488,
taimour_ali94,
musclepumpau,
rigopalacios11,
aurelianicole,
hello_tags,
maxxeyes,
glamourzone4models,
rayccruz17,
aabidshaikh_world,
ship_wrecked_jack,
shubham_parshionikar,
heartyshahid,
peterbkelly,
bodybuildingwiki,
the_abstract_alchemist,
streetwearhb,
adrianmclaurens,
neasaa,
barbell.gang,
parneet.kaur82,
imamhusain_olekar.s,
veyselkelees,
dipu_dk_121,
i_am_irsad_786,
aaditya8055_,
sunny_singh_rajput143,
garima_94,
wali_waiters,
slowevans,
candace_t_,
ledezmacarlitos,
viren_maurya278,
harsh_nagar_0003,
ryanbmoreno,
tedy_bgo,
bianka.carcia.official,
southernmuscleguide,
cars_store_29,
000plok,
miki8146,
raaymq,
irish_by_blood,
112concept,
istyle_villa,
samirkhabbache,
bodybiulding_steroids_india,
angelikagapon,
kellycruze45,
hulkout_tightshirt,
vdubmoto,
luckykysa,
bakedboi_,
anisaliasi,
numan.fitness_,
frankgigantenaturalpro,
405.kass,
jordanbhutchinson,
lovarius.gt,
simarpreet_sonu,
jcausb,
jaime.cervantes.35,
paul_mccormac,
stevepikula,
patrickachuff275,
damian.tv610,
trichbergfitness,
tonysnissan,
josefloresatl,
rajveerharry7504,
ry_thebarber,
shayadave,
yash_gadhavi_vidarka_111,
sandeeplohchab15,
isabellycristinesilvagil,
sarah_georginaxx,
gurjants257,
madangayarigayari,
gopalmihra1823,
undeathakuma,
the_broken_ryan,
rysmukhamedovsul,
madsmadsen.ch,
dirtypurplepop2,
alim_495,
travisyasgar,
welcometoamritcity__,
marionoriega07,
m_shubham007,
benjaminfardey,
mr_rahul_roy_official143,
jeremy.med,
hairwithkt,
lovepreet4434,
rajan_pb30,
eva.stunning,
_tamayo714,
_arpit_rajput,
spielraum2,
adinahund,
bandinoeno,
jk.7022,
arrongymrudkin,
ruben_archila,
mrjohnnydollar,
punjabimodelz,
mysteriousanimelover2001,
sandie_dk,
tidybodies_fp,
iamjuliacamerondv,
petripellikka,
s.i_personaltrainer,
levi.quigley,
penkovsimeon,
jersey_hune,
_craigbrian,
anytimefitnessfarnham,
simvandaele,
benpepe,
harrywaller__,
shubamtandon1985,
i_am_gaurav_official,
mouslih_sw,
handsome.thrills,
thecavalry_watches,
mohammed_suleman_0fficial,
jmatherly_fitness,
swagsy_thestore,
healthy_eating_addictrp88,
devanshmessi,
varundvn158,
bill.14,
mido_me22,
ashir_7860,
motivationalland,
punja3377,
yrim33,
faizankofficial,
yourbodyyourlif3,
destructor1337,
_shoaibsyed,
displayfit,
sunday_dog,
krishnapamarti.kp,
sportikanutrition,
mensphysique_model,
naughtyhyderabadiyan,
arzaanmalik5001,
_amaria09,
syedshafi77,
boomnayongni,
khal_is_the_name,
mathies_h,
beyzoom_daniel,
ultra_1980,
psteiner95,
eduardfritzler12,
reino.s22,
bobbay83,
lucky_ibrahim15,
dm_fitness21,
jfitness_official,
badraam_band,
mikecapfit88,
love_lovers_com,
sahjad3199,
azlaanpasha,
puspathapa014,
karl.winberg,
hmcoolguys,
alanfletcher9177,
shirtless_hyderabadis,
thesilkyprince,
yacinjm,
advocate_sameerllb,
power_lifting_strong,
vinaychauhan719,
greg_kolbiarz,
scorsese_jr,
plethoraoffitness,
vickyshow_,
juned8406,
ogdoku,
mosinmn,
chinmaynalwaya,
nileshsatre17,
karanjotsingh825,
raj_d__,
arshdeep362,
nik_the_devil,
shivalkar_vancha,
mr.dev7,
chamorro_style671,
misha_vakaliuk,
ivanovjevgenij,
rautshatayu,
sadushikavishka,
laxmikant8497,
raees4554,
dpessh_sawant,
i_m_yaseen143,
classy_professional007,
neelala.riya,
khris_ac82,
princeobaid821,
sa.nju8670,
kh_al_il._.se_b_aa,
__.killer_stuff.__,
jaffferkaseri,
mohit.mewani,
abderrahman.abdel,
midhun_das,
travis.macdonald.9028,
ramzi_beast,
firdousnawab,
chutiamadan,
symbiotedaf,
andreasalisbb,
lavin_mo,
singh__navjot_singh,
peace_._._._,
prince_dhiman.k,
alexxkhan,
faton____z,
roop_kaur_sidhu,
edmbunny,
rapung_bui,
guri_saggu__,
anis_rourrou1,
gc_0511,
fitnes_matthew,
anshuman8211,
segundoperu18,
kyle_amer,
andrewshawpt,
shantanu_singh.patel153,
takipci.amcan,
rehansaiyad,
kamelsharief,
pulve_com,
punjabi_song__,
__i_am_p__,
nikhil_kapoor_1234,
timvdoe,
pattybolognino,
ilyasse_m8,
naveen.sain.14473,
kyle_amer,
mayank8948,
rik_patra,
oficialsameer5559khan,
rahulbacchu,
nikhil_kapoor_1234,
teegan_ms,
haiderali45_,
johnkastro2000,
londhe8466,
shrkharpundhir,
timmy_gallaher,
sidha_haryana_se,
gagan_sandhu3,
sajan6467,
supro001,
vishal_samrala,
lotusgoon,
sarahcooksonpt,
sahil_khan_niyazi,
riffff__,
eva.lotti,
sorensen827,
fitness_educationn,
mysocialboosts,
bustie_josh,
mammidee,
sexyshop__,
p.joci28,
yourlastvish,
academyofhighperformance,
kamal_aziz11,
slater_777,
pragnyashishkhatua,
mysocialboosts,
jeffconelius,
alhumphriess,
phil_goodallpt,
marlinsophie,
vybefit,
kathipirinha,
mooreshredded,
drleonardoeugenio,
marco.vida_loca,
joshua.figueira,
francis_austingd,
mahmoud_safsaf,
tushu.mandan.9,
call.me.ao,
trendy_outfits_forgirls,
sugan_stn,
emalambrous,
sudeb_karmakar77,
bharatsinghwalia_fanpage,
owennottingham,
nads_skwats,
lkeaulana69,
gray_gains,
mohammed.aldakhlallah,
brainjock,
tward1220,
noahmmachado,
girthbrooksss,
johnny.deadlift,
jeffrosmith01,
dmitroselnichek,
ehd76,
msolive31512,
josephperrierlloyd,
nguyen2fit,
triple.m.fitness_,
derekpass_61,
justbe_human,
masonlush,
michael_bridges1,
brenda_loseweight,
palvinder_singhh,
la_fitness92,
robbiesmith112,
crossfitheerenveen,
fitness_and_meals,
bruceborlaza,
mikeyfit1990,
nikolai.frd,
rockingsalman16,
mandy_mac67,
samsonhydar,
nina_rosca,
latinfranck,
gyencha3,
ksjamsheer,
danielrosenstrom,
cubanoctopus,
federico_7,
roanwar,
diegochelaliche,
bodypower_fitness,
isiahwillums,
_world_of_taste_,
gym_guy_10,
henwiirii,
faithandgrace_aesthetics,
aramis_homme,
racestringer,
tasialafond,
getupandgrindfitness,
mantisssss1,
jemsonlimbu,
sergeyyagotin,
azeriosthecat,
preet_the_royal_soul,
theadrianaragon,
loefu1860,
thegoldboy_ifbb,
albertstayfit,
stephancoetsee1,
boost.insta_foll0wers_here.767,
melanatedpoet,
bray.kylie,
de50ae7,
daniel_the_brah,
gussieex8,
insainigainz,
l1zrd_,
wesleypg18,
erickmarin_10,
hikin_n_drinkin,
joselucaspassos,
nickjwhite96,
bodacious_jojo,
michael.s.osgood,
wasted_ninja,
gutijon1986,
yashmuthoo,
balaskovits29,
mikecapfit88,
rao__amish,
pop7983,
brodex13,
the_devilape,
krystallt__,
not_malachi,
grantastic2000,
ivan_the_wanderer,
jeet_fitness_official,
missmeganel,
truhealthfitness,
shaheenparveen1687,
19mo92,
tiny_sarah,
hulkyj,
abhishekg7776,
catalin_245,
tudoracheandrei90,
grailfitness,
_the_hill,
connie_k_xoxo,
chris.anseeuw,
rarrestamaian,
bumfuzzle.d,
petebaggy,
jordan_bray,
gabimatoliv,
anawesomewoman,
roch_ultimate,
hassanelhadirifit,
wagner_saucedo,
itspiumi,
63.51809491,
bastiian_ka,
hahaha_cool_2004,
therealcanalla_18,
mariorolan,
blossom_anand,
will.bk,
c.sharp85,
lejongo,
anton_ference,
imhakheem,
macadocious345,
emmanuel_banks_,
fbsanchez_92,
grayson_26,
christianphyfier,
hamsamwtch,
harrywaller__,
joshy_washey,
pedja_jeronimo,
lifestyle_motivation_loa,
logan_theodore_,
kennyloveswwe,
nikita.alimushkin,
rene.pi,
vhugoeq,
m_babmash,
kovalsky_jon,
syed_moiz3,
gymfiteat,
kartasinskipiotr,
louise_sw_x1,
jjfitnessbirmingham,
bk_gymhealthandfitness,
katacvikova,
migdaliagarcia61,
hashiralisonu,
digitalfistfight,
scottwilson112,
ralliphotography,
camacho_fit,
dill182,
hmdbrhymhmdywsf,
gabearchuleta,
kd.bt3,
m1akel,
thomsonremo,
_namary_,
christian_contursi,
powerthrupain,
palmai.zsolt,
_scarcia_,
tudymora,
waziralam488,
nivetha_thomas_123,
arildknu,
norbs55,
salokhiddin31,
codyjaismith,
kozlovfit,
thetylerleo,
braianbenitez0,
papabearmike,
lizaram89,
laine_micka,
cocoyhbl,
timmycollins3,
loredoll,
i_vaibhav_gupta,
efd704,
jenidodge,
justin_sane_xl,
j.a___official,
shadappaul,
imrealfishy,
mwyman75,
livin.the.sweat.life,
miss__dollface,
kary_let,
zhu_hailin,
tvardtvard,
anleob92,
jesuscuevas1287,
thepacifictuna,
meggieli,
limitlessfitness_apparel,
kyletfoley,
book_of_matches,
olmstead1044,
thelifeofciaraa,
louisan7234,
asthetikdesign,
first_steps_fitness_coaching,
style_your_body_2018,
horacejallah,
jesusmonterogb,
lokz_bryz,
n123456665,
johnny_gomez22,
albgarfit,
http.matildaa,
hamerindo,
christian.calloway.fitness,
jezrozdarz,
ariaschristy,
dub_step_01,
gnen_x,
deluxe_puppies,
b_boy_flexy_gudda,
jakeybourne,
jamboys5913,
raeesbaloch,
ayla_love1243,
joca_king82,
genecalungsod,
body_by_mae,
chaneltoriel,
s5fiddy,
jaquevontrapp,
kour__model,
khanali78687,
iam_raghuma,
buy_insta_followers00,
cerianimatteo,
keithzoeteman,
rajji_20,
dholbrook2425,
chris.colburn.52,
hadaenmeso,
tabrizsaba.furniture,
fitsupplements_online,
bethany.mills13,
dawson_gardner,
marco_senno,
tedy_sw,
myra_cummings,
jordiromero_ifbbpro,
setyawandedi700,
absolute_fitness__,
albertt_sb,
kimberley.thompson,
markonemoto,
win_wins_situations,
andrew.nicholson.9026,
cbelk,
kip.page,
projectbigdaddy,
prabhatbadarshahi,
anzil______anzii,
rajshree786,
to_lift_or_not_to_lift,
the_real_yanin,
joeyice,
mkluttrell81,
newshazendegi,
josephwardd_,
sykesm12,
pride_vs_humility,
salcocuzza,
manishrawatufc2k196,
om.bracelets,
bodybuilding.art,
the_n_s_kid,
erniemabee,
yogirajsinh__parmar,
aaronward5630,
i_am_tawwab_77,
wonkoo1919,
gar_fit_kel,
melquisedec_orozco,
mind_hacker_sahil,
rick20mdl,
mostafaomar6093,
patrick_thedream,
ferit_10,
christian_hartigan,
mick_fits,
matt_anderson_bass,
sandy_john75,
kimzahler,
mo_fit_1317,
ian.pallares,
beingthesource,
lifeofsarahlena,
eduardo.gtzc,
health._home,
joaosalina,
alejanndroorozco,
stickshooteriv,
ralph_fitness,
ismail_el_horchi_disko,
coach_natalia,
summerg_fitness,
kingrobertz,
roakramfitness,
martinluthershylon,
dastpokht,
_aranowskigeorge_,
_tony_v2.0,
fat_lazy_gardener,
sebomoves,
tropic.thunder95,
mrsqshfq,
and_amaya,
kebit__,
ashok3941,
laurentiu_manea,
dd_virgil,
i.am_pawan,
yadav_raj_deepak,
bye_brandon,
anjalimehta132,
nikkig2791,
pawelek_gohan,
the_dark_world_official,
timothy2118,
darren_miao,
coffingrounds,
jgoad1026,
sameer_james_,
alinastatz,
becausemuscles,
anthonykeston,
csimoes27,
justsayolala,
oenomel.pris,
ashley.arch1,
miss.stevenson,
androo91,
_david.zeman_,
_stanislav_angelov,
salvador_02,
sneadlifts,
kehonpainoilijaantti,
dthaesthetics,
grademarlon,
elviselifit,
fitimhassani,
tippetsgin,
catenajoe,
adil.bepari,
seantrennan,
thick__meat,
_claaaa,
michael_porsovigan,
dbebernes,
johny.dubiel,
hockeycheran,
assa_6,
lmystrw5172,
tallw_balasyam,
mouslih_sw,
renana.cruz,
saad__xxp,
almighty_mp,
ijrpakingan,
manishdadwal190,
thecarmonalife,
cobaltmetaldesigns,
prince_934,
rohitaryansinghaal,
alizu_momin,
nabeelrana3668,
ujer_shaikh9876,
__c_a_n_d_y__143,
thefollowstore,
bobby_ross,
philippe.bissonzo,
savdeep_narwal2,
shailendra.thakur.5015,
realmadrid13ns,
arrestingone,
11smit,
afsarsheikh3323,
_vijay_________,
fergalocoart,
krishan7373,
shaik7106,
pat_mccorfit,
vishal_rathod1995,
bhumeshwarraom,
nikhil.khatri.925,
ronypatel9063,
___surajtambe_____,
yogeshsuvarna17,
sukantabhatta,
kamiltalukdar,
emexcrest,
satyamchaudhary304,
fitnessfreaksshoutout,
pra_bandi,
ashish.cp,
laksh_raj,
ashkl1134,
tkgil237,
beta_grey,
shadrick_m_kasonde,
toba_yes_g,
cookiemofo17,
ariellsoncapoeira_fit,
abe_kader,
damangp,
amandalivinglife,
mulitchana,
aviatior_trev,
dunaway_jr,
stayfittraveller,
chris.mercer01,
hoopertm192,
stringmaster87,
ashpazi.66,
marcandrelaforge,
prophetprojects,
strongmariastrong,
favianilicious,
walchererich,
lorigilbert123,
funfittn,
regie_aes,
farmergettingfit,
jimmys217,
be.well.chiro,
ameenjradi,
jckdinsd,
remity723,
jeremii.i,
palypsn,
oli_guillemette,
_vankenny,
drlelis,
ale_ma_2608,
juan_pablo_pj,
eir.fitness,
gainz9824,
eden_ef,
jaykebrwn,
cockermarcel,
harish_khernar,
day_to_deadlift,
gwen_mai_fitness_girl,
health._home,
iamxsteffy,
ggyymmotivations,
chrissaykally,
yussrammar,
scott_garich_fitness,
andrewsbanuelos,
inder_singh_9,
darin_berger,
lutinskij,
