2018-04-11 22:38 ~ nicoletam1311,
2018-04-11 22:49 ~ giuseppetravels93,
2018-04-11 23:18 ~ 11kareem.mohammed11,
2018-04-11 23:24 ~ canodunaroglu,
2018-04-11 23:36 ~ fabio.ribeiro95,
2018-04-11 23:47 ~ albfitness,
2018-04-11 23:53 ~ ascarborough54,
2018-04-11 23:57 ~ henry_lm,
2018-04-11 23:58 ~ chukkawan83,
2018-04-12 00:07 ~ manuuu_j99,
2018-04-12 00:10 ~ simplythedanfans,
2018-04-12 00:15 ~ lucho._lp,
2018-04-12 00:20 ~ paoloteves,
2018-04-12 00:27 ~ mrsiouou,
2018-04-12 00:35 ~ alexandru_caramfil,
2018-04-12 00:39 ~ rabebrian,
2018-04-12 00:47 ~ goshaanhealth,
2018-04-12 00:55 ~ brittybfit,
2018-04-12 01:07 ~ natalya_fitness,
2018-04-12 01:11 ~ bryceabernathy,
2018-04-19 03:04 ~ latalaye,
2018-04-19 03:14 ~ luis_mmcruz,
2018-04-19 09:06 ~ asianmike77_,
2018-04-19 22:35 ~ _qamar_hashim_,
2018-04-19 22:39 ~ jose.lillozelada,
2018-04-19 22:52 ~ akhil.sreedhara,
2018-04-19 22:56 ~ __saifahmed,
2018-04-19 23:11 ~ e.r.barraza,
2018-04-19 23:18 ~ ebeny_dioum,
2018-04-19 23:46 ~ ffffabio_,
2018-04-19 23:51 ~ vincenzo_marra44,
2018-04-20 00:07 ~ joao_pedroub,
2018-04-20 00:34 ~ nick_pappagiorgio87,
2018-04-20 00:55 ~ nikunjlionel8638,
2018-04-20 01:00 ~ migue_zc,
2018-04-20 01:09 ~ maximilian.pilz,
2018-04-20 01:38 ~ rsanc33,
2018-04-20 01:45 ~ fit.khan,
2018-04-20 02:39 ~ tikilembe_,
2018-04-20 02:43 ~ jj.pauley,
2018-04-20 02:54 ~ josephishere,
2018-04-20 09:48 ~ g__cool_,
2018-04-20 09:58 ~ bruno_gome.s,
2018-04-20 10:46 ~ fransiskapailang15,
2018-04-20 10:52 ~ royal_gamer88,
2018-04-20 11:04 ~ shynylinsterkai,
2018-04-20 11:56 ~ munekata.shohi1341,
2018-04-20 12:12 ~ julianne.loiselle,
2018-04-20 12:28 ~ texasmade_66,
2018-04-20 12:47 ~ mr_official_chetan,
2018-04-20 12:51 ~ arunoxygen02,
2018-04-20 13:07 ~ ds_gomez,
2018-04-20 13:18 ~ johnny_apo,
2018-04-20 23:59 ~ pretoriusjeandru,
2018-04-21 00:11 ~ agp_lexx,
2018-04-21 00:33 ~ aesthetic_prodigy95,
2018-04-21 01:01 ~ justin_gainz227,
2018-04-21 01:23 ~ enlightened_savage_101,
2018-04-21 01:36 ~ mohammad.babazadeh9892,
2018-04-21 01:45 ~ nilesh__nk_,
2018-04-22 09:54 ~ naval_2033,
2018-04-22 10:04 ~ jeet9729,
2018-04-22 10:33 ~ theblackheart_._,
2018-04-23 18:46 ~ marwansh_insta,
2018-04-23 19:00 ~ abhishek._.ranjan,
2018-04-23 19:16 ~ umairshah51,
2018-04-23 19:22 ~ lshybnybwyd,
2018-04-23 19:25 ~ izazahmed_ijju_2013,
2018-04-23 19:46 ~ abdulrehman8976,
2018-04-23 19:51 ~ mandeep1674,
2018-04-23 20:39 ~ lindagustiia92,
2018-04-23 20:45 ~ choudhary.0786,
2018-04-23 21:00 ~ miku_8_miku_8,
2018-04-25 06:52 ~ ashley_va322,
2018-04-25 07:02 ~ markoo_tomic,
2018-04-25 07:22 ~ two.blackbirds,
2018-04-25 07:26 ~ noahleander,
2018-04-27 08:45 ~ lukyvan0211,
2018-04-27 09:12 ~ blakedfa19,
2018-04-27 09:23 ~ braydenbaker35,
2018-04-27 09:29 ~ rise.fitness_,
2018-04-27 09:34 ~ ezydamus,
2018-04-27 09:54 ~ roccos_fitness,
2018-04-27 10:15 ~ cthulhuflagan_,
2018-04-27 17:00 ~ laad_sardari,
2018-04-27 17:28 ~ shail0001,
2018-04-27 17:54 ~ praveen5473,
2018-04-27 18:31 ~ mannudayalpuri,
2018-04-27 18:41 ~ 30_team_salman,
2018-04-27 18:58 ~ sumanj143,
2018-04-27 19:04 ~ ashoksurya7862,
2018-04-27 19:09 ~ arman___malik___officiall___2,
2018-04-27 19:45 ~ skeleton.king.7739,
2018-04-27 19:56 ~ 4mrik,
2018-04-27 20:06 ~ diliprathod1129,
2018-04-27 20:13 ~ sasimranjitsingh,
2018-04-27 20:29 ~ anuragsingh.28,
2018-04-27 20:43 ~ indian_shoutout_pics,
2018-04-27 20:54 ~ anchu_anas,
2018-04-27 21:05 ~ money50singh,
2018-04-27 21:10 ~ manjari.ladybatman,
2018-04-27 21:42 ~ patialashahi_records,
2018-04-27 22:04 ~ rizwan.alone,
2018-04-27 22:14 ~ ghouse3314,
2018-04-27 22:27 ~ subhashkembhavi,
2018-04-27 22:55 ~ amrit4124,
2018-04-27 23:01 ~ iryn_uppal,
2018-04-27 23:04 ~ jayeshjadhav209,
2018-04-27 23:21 ~ stylemachine149,
2018-04-27 23:28 ~ chetan.singhh,
2018-04-28 00:07 ~ aulakhgursumit_insane_jatt,
2018-04-28 00:17 ~ gym_fitness1.0m,
2018-04-28 00:22 ~ vaishali_patel_96,
2018-04-28 01:22 ~ official_jassi_jasveer_singh,
2018-04-28 01:33 ~ ashish_jn12,
2018-04-28 01:40 ~ imranshaikh7319,
2018-04-28 10:28 ~ one__wheel_kid,
2018-04-28 10:49 ~ jasprit.cheema,
2018-04-28 10:59 ~ kentdewit,
2018-04-28 11:08 ~ kunaltorawane,
2018-04-28 11:27 ~ itisabhay,
2018-04-28 11:41 ~ samgurung2222,
2018-04-28 11:46 ~ mr.sakhan,
2018-04-28 12:04 ~ gulshanasrani,
2018-04-28 12:45 ~ v_i_v_e_k_j_a_i_,
2018-04-29 01:01 ~ pollathavan_nagaraj,
2018-04-29 01:10 ~ jobin012,
2018-04-29 01:21 ~ iamashu_1_2,
2018-04-29 01:33 ~ manvender.singh.796,
2018-04-29 01:41 ~ deba.dng,
2018-04-29 09:48 ~ pankajsundriyal2001,
2018-04-29 09:49 ~ desimodels555,
2018-04-29 10:01 ~ yahay_alqaisi,
2018-04-29 10:03 ~ thechaudharysachin,
2018-04-29 10:06 ~ kamran.aslam.1675275,
2018-04-29 10:32 ~ __a_p_p_u_z__,
2018-04-29 10:42 ~ official.priyanshu_chauhan,
2018-04-29 10:46 ~ zee_star,
2018-04-29 10:50 ~ nithya_ganesan96,
2018-04-29 10:51 ~ shady_yaman,
2018-04-29 10:58 ~ _simplycoz_,
2018-04-29 11:02 ~ shivam_gurjar0001,
2018-04-29 11:10 ~ patel_jay_3989,
2018-04-29 12:08 ~ yohann0994,
2018-04-29 12:16 ~ ketan_buwa,
2018-04-29 12:37 ~ vikhyat_mathur,
2018-04-29 12:45 ~ i_am_pratik_dhumal,
2018-04-29 12:48 ~ pardeepth00001,
2018-04-29 12:51 ~ _manishsharma_,
2018-04-29 12:54 ~ aapu_zack,
2018-04-29 13:06 ~ amol_d_chavan,
2018-04-29 18:10 ~ dineshsrivastava162,
2018-04-29 18:21 ~ xprofitacademia,
2018-04-29 18:24 ~ blossom_sahoo,
2018-04-29 18:34 ~ william.mathew.52,
2018-04-29 18:43 ~ abhumr.360,
2018-04-29 18:50 ~ beingsurya96,
2018-04-29 18:58 ~ pol7477,
2018-04-29 19:04 ~ ranismac,
2018-04-29 19:11 ~ an.urag385,
2018-04-29 19:13 ~ janadaur_city,
2018-04-29 19:27 ~ malik11113676,
2018-04-29 19:28 ~ nehal_lavi,
2018-04-29 19:55 ~ packerbay12,
2018-04-29 20:03 ~ sharadsoni_,
2018-04-29 20:26 ~ indian_fitnessworld,
2018-04-29 20:30 ~ atulprajapati54,
2018-04-29 20:41 ~ andrew__lc,
2018-04-29 20:52 ~ wwe_a_m_mohamad,
2018-04-29 20:57 ~ samson_sam123,
2018-04-29 20:59 ~ mych3micalwarfare,
2018-04-29 21:08 ~ khaja_sultan,
2018-04-29 21:11 ~ your_dream_boy._dev,
2018-04-29 21:22 ~ yash_pant_m_t,
2018-04-29 21:27 ~ manojsharma7262,
2018-04-29 21:37 ~ dr._barfi,
2018-04-29 21:44 ~ onxu_,
2018-04-29 21:59 ~ angryell,
2018-04-29 22:04 ~ rautvyankatesh,
2018-04-29 23:13 ~ monssef_le,
2018-04-29 23:16 ~ kuldeep_singh.solanki,
2018-04-29 23:19 ~ wali_iid_,
2018-04-29 23:34 ~ branpitre,
2018-04-29 23:37 ~ pushard_fitness,
2018-04-29 23:41 ~ lamovidapty512,
2018-04-29 23:42 ~ wasil_raza_official,
2018-04-29 23:48 ~ schatt7,
2018-04-29 23:52 ~ andersonassis299,
2018-04-29 23:53 ~ watershasta,
2018-04-29 23:56 ~ krenaksuplementos,
2018-04-30 00:03 ~ tamie524,
2018-04-30 00:05 ~ ukgurl_,
2018-04-30 00:15 ~ claudiaosoriogutierrez,
2018-04-30 00:34 ~ kubo_powerlifter,
2018-04-30 00:39 ~ djabad22,
2018-04-30 00:43 ~ jj.pauley,
2018-04-30 01:09 ~ richardgdl_fit,
2018-04-30 01:13 ~ oyenavjot,
2018-04-30 01:21 ~ buluphotowala,
2018-04-30 01:25 ~ anubhavkalsi,
2018-04-30 01:31 ~ frhan_shaikh,
2018-04-30 01:43 ~ tarunkalotra,
2018-04-30 01:51 ~ zedan_ibrahem_,
2018-04-30 01:59 ~ ____prros,
2018-04-30 02:03 ~ mr_nikhil_sawant_2559,
2018-04-30 02:13 ~ ranit.sonker,
2018-04-30 02:18 ~ swat_mahmood,
2018-04-30 02:59 ~ abhil5925,
2018-04-30 03:09 ~ hemant_rathi_hr,
2018-04-30 03:11 ~ alexrashford_25,
2018-04-30 03:14 ~ ansari__nayab,
2018-04-30 03:19 ~ thecutegirlmitali,
2018-04-30 03:26 ~ mohammed__hussain__official,
2018-04-30 03:30 ~ itz__ramendra,
2018-04-30 03:44 ~ baseer._.007,
2018-04-30 04:07 ~ rajput.niel,
2018-04-30 04:17 ~ modelajju,
2018-04-30 04:28 ~ hadinshaikh,
2018-04-30 04:43 ~ ratnadeep_4141,
2018-04-30 04:51 ~ zz_sid_roy_6666,
2018-04-30 05:02 ~ pbftaboao,
2018-04-30 05:06 ~ mr_w_r_e_s_t__l_e_r,
2018-04-30 05:18 ~ t.ravi14sonu,
2018-04-30 06:34 ~ jpfitness85,
2018-04-30 06:46 ~ bigcox68,
2018-04-30 07:00 ~ pressto.gain2kf01lowerz82,
2018-04-30 07:02 ~ cj_2times301,
2018-04-30 07:09 ~ sc_0rpi0_72,
2018-04-30 07:13 ~ edw_w86,
2018-04-30 07:18 ~ shrajesh,
2018-04-30 07:27 ~ triciaduren,
2018-04-30 07:34 ~ willem_beezy22,
2018-04-30 07:37 ~ smith_sad_official,
2018-04-30 07:53 ~ bold_striker13,
2018-04-30 07:59 ~ drchrischew,
2018-04-30 08:24 ~ wyatt_story15,
2018-04-30 08:29 ~ free_youtube_promotions,
2018-04-30 08:32 ~ _aamoss,
2018-04-30 08:37 ~ lionsandm3n,
2018-04-30 08:41 ~ finesser_28,
2018-04-30 08:43 ~ angel408gonzalez,
2018-04-30 08:45 ~ ismaelmendieta_17,
2018-04-30 08:49 ~ aj26point_2,
2018-04-30 08:59 ~ douglass.fernandes.963,
2018-04-30 09:01 ~ nirav.vala.543,
2018-04-30 09:15 ~ totohebert,
2018-04-30 10:02 ~ roberto.martinezruiz,
2018-04-30 10:09 ~ the_memelord_88,
2018-04-30 10:15 ~ lelesay,
2018-04-30 10:19 ~ sathish_rc_12,
2018-04-30 10:28 ~ cebola_fernando,
2018-04-30 11:12 ~ chiku_panigrahi,
2018-04-30 11:15 ~ _._.saurabh_._,
2018-04-30 11:27 ~ itz._____.piyush.143,
2018-04-30 11:38 ~ fan_comedy_ka,
2018-04-30 11:39 ~ the_fitness_station_,
2018-04-30 11:51 ~ saurabh_salunke143,
2018-04-30 11:59 ~ rawatkhushal71,
2018-04-30 12:01 ~ dhruvrajsinh__9,
2018-04-30 12:06 ~ unstopable_prashant,
2018-05-03 16:16 ~ z.zubair395,
2018-05-03 16:21 ~ the.dainelygrind,
2018-05-03 16:22 ~ tommo.swanson,
2018-05-03 16:27 ~ karlwoodley86,
2018-05-03 16:35 ~ silkysmoothjohnny,
2018-05-03 16:39 ~ vidaintegratedhealth,
2018-05-03 16:49 ~ o0seb0o,
2018-05-03 16:54 ~ ohleeleejade,
2018-05-03 16:58 ~ darin_berger,
2018-05-03 17:03 ~ free_the_gains,
2018-05-03 17:11 ~ hamzatajite123,
2018-05-03 17:14 ~ andresmartino87,
2018-05-03 17:18 ~ helloyip,
2018-05-03 17:27 ~ b.watkinson92,
2018-05-03 17:38 ~ andrea.pedrazzi,
2018-05-03 17:49 ~ superboomz,
2018-05-03 17:57 ~ janewunder_,
2018-05-03 18:00 ~ finessebrandgoods,
2018-05-03 18:07 ~ mtmackjr24,
2018-05-03 18:16 ~ samuelbvic,
2018-05-03 19:59 ~ samcouchman,
2018-05-03 20:03 ~ lfpwrlift,
2018-05-03 20:06 ~ starlabstrash,
2018-05-03 20:07 ~ triple.m.fitness_,
2018-05-03 20:17 ~ pat.d.plate,
2018-05-03 20:21 ~ emiliofrancisco_mio,
2018-05-03 20:36 ~ saad_jawdat,
2018-05-03 20:42 ~ baileyshumack,
2018-05-03 20:53 ~ gainz_day85,
2018-05-03 21:01 ~ petravaumundova,
2018-05-03 21:17 ~ phillip_wajda,
2018-05-05 22:04 ~ jonnybenice,
2018-05-05 22:11 ~ fathervfitness,
2018-05-05 22:18 ~ itsurdhillon,
2018-05-05 22:22 ~ livestronger,
2018-05-05 22:23 ~ wafazaitouni,
2018-05-05 22:33 ~ francescapacheco,
2018-05-05 22:35 ~ jorgerejame,
2018-05-05 22:38 ~ loceros.training,
2018-05-05 22:59 ~ lasseschowing,
2018-05-05 23:06 ~ kegenixaustralia,
2018-05-05 23:13 ~ harishsherugargmail.com2305,
2018-05-05 23:16 ~ brownsfitness16,
2018-05-05 23:25 ~ rachy_love_life,
2018-05-05 23:28 ~ rogersharksuperstar,
2018-05-05 23:31 ~ vitalik_trener,
2018-05-06 02:00 ~ samdm530.fitness,
2018-05-06 02:06 ~ fearghal_campbell,
2018-05-06 02:13 ~ ak.17__,
2018-05-06 02:18 ~ mr_ranjeet_nooli,
2018-05-06 02:23 ~ mdk.42,
2018-05-06 02:25 ~ rajkumarmaity212,
2018-05-06 02:35 ~ sheikh_shahroz_1,
2018-05-06 02:38 ~ wheels2go,
2018-05-06 02:42 ~ the__oblivion,
2018-05-06 02:50 ~ rambostallin,
2018-05-06 02:55 ~ ademavc7,
2018-05-06 03:08 ~ rohittamhanakar,
2018-05-06 03:14 ~ malkeet6109,
2018-05-06 03:16 ~ aamirkhan8266,
2018-05-06 03:26 ~ chitreshwar_srivastava_,
2018-05-06 03:30 ~ the_picographer,
2018-05-06 03:34 ~ carvalhoandre3266,
2018-05-06 03:41 ~ hamid_shekho_,
2018-05-06 03:47 ~ hbounour,
2018-05-06 04:00 ~ esenrelax90,
2018-05-06 04:04 ~ davidshreded12,
2018-05-06 04:07 ~ jasonvivo1,
2018-05-06 04:11 ~ mohsine_lamayene,
2018-05-06 04:23 ~ devil_fejju,
2018-05-06 04:25 ~ mohanadflah,
2018-05-06 04:32 ~ nawab_2796,
2018-05-06 04:33 ~ muhammadumer_siddiqui,
2018-05-06 04:40 ~ mark_thesavage,
2018-05-06 04:44 ~ sanket__bhalekar,
2018-05-06 05:05 ~ yaar_47ala,
2018-05-06 05:13 ~ fitnatixx,
2018-05-06 05:21 ~ sujitpandey822,
2018-05-06 05:26 ~ dhanju_boby,
2018-05-06 05:33 ~ punjabi_cafe,
2018-05-06 05:36 ~ socialfollowers8055,
2018-05-06 05:44 ~ brettflakemore,
2018-05-06 05:49 ~ abdellahe_sabri,
2018-05-06 05:55 ~ khaleelkunnummal,
2018-05-06 06:12 ~ fhdldwsry1277,
2018-05-06 21:14 ~ estrada3d,
2018-05-06 21:41 ~ dipesh_chaudhari_1,
2018-05-06 21:51 ~ dhairyasheel_mane,
2018-05-06 21:54 ~ shivamyadav5876,
2018-05-06 21:58 ~ mr.meet_360,
2018-05-06 22:02 ~ sungwra_brahma,
2018-05-06 22:08 ~ dhaliwalnotnice1313,
2018-05-06 22:12 ~ me.arijit316,
2018-05-06 22:16 ~ rohit_lanjewar_,
2018-05-06 22:25 ~ pruthvi_raj_singh_rathor,
2018-05-06 22:28 ~ mr.krn_999,
2018-05-06 22:30 ~ jagroop_sandhu_pahuwind,
2018-05-06 22:39 ~ eezy._e,
2018-05-06 22:48 ~ fitmaddy,
2018-05-06 22:51 ~ samay_cool,
2018-05-06 22:58 ~ ammiebaba7050,
2018-05-06 23:04 ~ kampi_singh,
2018-05-06 23:07 ~ sikhmanstyle,
2018-05-06 23:18 ~ sukaran_dhagga,
2018-05-06 23:21 ~ rishikesh1704,
2018-05-06 23:25 ~ gurjeet_singh_gahle,
2018-05-06 23:29 ~ hassanhunter1862,
2018-05-06 23:33 ~ kishor.baghel.3701,
2018-05-06 23:39 ~ sameerkeskar5024,
2018-05-06 23:48 ~ khanrajukhan54,
2018-05-06 23:49 ~ kef_7u7,
2018-05-06 23:55 ~ aditya_jugraj,
2018-05-06 23:59 ~ daviidmx,
2018-05-07 00:04 ~ khaled_guerfi,
2018-05-07 00:08 ~ prateek_p_11,
2018-05-07 00:14 ~ sourabhbansode,
2018-05-07 00:38 ~ ashun_patel,
2018-05-07 01:06 ~ prabhpreet_singh_data,
2018-05-07 01:19 ~ pardeepsingh8298,
2018-05-07 01:27 ~ gauri_2804,
2018-05-07 01:29 ~ amitsharma9158,
2018-05-07 01:32 ~ raghavlahar_wwe,
2018-05-07 01:46 ~ platinum_dreams_,
2018-05-07 03:13 ~ cbrown_nextrung,
2018-05-07 03:27 ~ fallonmillsx,
2018-05-07 03:31 ~ mrmusic360,
2018-05-07 03:35 ~ qhysique,
2018-05-07 03:37 ~ tymills43,
2018-05-07 03:41 ~ tino_lopez_321,
2018-05-07 03:44 ~ avery.garza,
2018-05-07 04:04 ~ allsacpapi,
2018-05-07 04:22 ~ soldiers_valor,
2018-05-07 04:37 ~ devin.blake.7796,
2018-05-07 04:44 ~ ishhyoboysaa,
2018-05-07 04:45 ~ satyamchandra4,
2018-05-07 05:05 ~ amanveer8029,
2018-05-07 05:17 ~ grishmapandit,
2018-05-07 05:26 ~ nahidnajeem,
2018-05-07 05:41 ~ ajinkya518,
2018-05-07 05:57 ~ akshatshah973,
2018-05-07 06:18 ~ lazarev.al,
2018-05-07 06:27 ~ choreoamitkumar,
2018-05-07 06:30 ~ sahil_ansrei,
2018-05-07 06:40 ~ gajendrakushwaha.gk,
2018-05-07 06:46 ~ subhadip.majumder.3998,
2018-05-07 06:55 ~ adnankuhdhair,
2018-05-07 06:56 ~ sultan.sarfraz,
2018-05-07 07:07 ~ sandeep.taware,
2018-05-07 07:12 ~ vik_farmer,
2018-05-07 07:28 ~ javi_suarez7,
2018-05-07 07:46 ~ risholtarina,
2018-05-07 07:51 ~ tarun__4328,
2018-05-07 07:57 ~ fady__0,
2018-05-07 08:10 ~ mused_abstraction,
2018-05-07 08:18 ~ harman.felixx,
2018-05-07 08:23 ~ bhatpreet,
2018-05-07 08:42 ~ mohit_sharma175,
2018-05-07 08:46 ~ amandeepsingh_02,
2018-05-07 08:47 ~ s_pakhale_official,
2018-05-07 08:59 ~ deepaksharmagmail.comsharm,
2018-05-07 09:07 ~ bst8700,
2018-05-07 09:11 ~ rushipote123,
2018-05-07 09:15 ~ _the_sarcastic_pahadi,
2018-05-07 09:28 ~ cahaya.nur.90,
2018-05-07 09:44 ~ andrelinobf,
2018-05-07 09:47 ~ mr.online3,
2018-05-07 09:58 ~ mayur.renuse,
2018-05-07 10:01 ~ honey_xesthetics,
2018-05-07 10:13 ~ lucas.santosdaniel.5,
2018-05-07 10:26 ~ anup4310,
2018-05-07 10:35 ~ raghurathora5555,
2018-05-07 10:49 ~ sagargulia9272,
2018-05-07 10:50 ~ pushkrajkushare,
2018-05-07 10:53 ~ niik.pawar,
2018-05-07 11:03 ~ awesome_boy_1_4_3,
2018-05-07 12:54 ~ gul_jan_1,
2018-05-07 13:05 ~ buoii94,
2018-05-07 13:06 ~ dc_balicki,
2018-05-07 13:15 ~ trevor_vgt,
2018-05-07 13:18 ~ dee_cee_rebuilt,
2018-05-07 13:27 ~ pia.lerce.kettner,
2018-05-07 13:32 ~ kstrom99,
2018-05-07 13:46 ~ gorkalanda96,
2018-05-07 13:48 ~ fitnessden,
2018-05-07 14:00 ~ rahulbhai8435,
2018-05-07 14:08 ~ soham_rs,
2018-05-07 14:12 ~ poswalrohit,
2018-05-07 14:35 ~ vedant_pednekar_29,
2018-05-07 14:39 ~ prabhat_tiw,
2018-05-07 14:42 ~ _afjal_khan_,
2018-05-07 14:46 ~ _kuldeep_raghuwanshi_,
2018-05-07 14:51 ~ jayeshathwani59114,
2018-05-07 14:56 ~ dbcmarketing,
2018-05-07 15:00 ~ states_ki_zindgiii,
2018-05-07 15:04 ~ freelance_photography_prasad,
2018-05-07 15:22 ~ soniji_official_,
2018-05-07 15:25 ~ sahil__upadhyay,
2018-05-07 15:35 ~ shoeniverse_8,
2018-05-07 15:41 ~ henrybhadra,
2018-05-07 15:48 ~ mungelkarpranay,
2018-05-07 15:54 ~ yogeshthakur79,
2018-05-07 16:00 ~ trainfor_fit,
2018-05-07 16:06 ~ shankariyer1234,
2018-05-07 16:09 ~ hpym007,
2018-05-07 16:12 ~ chowdri_,
2018-05-07 16:13 ~ jalasaienterprise,
2018-05-07 16:16 ~ jainkeshav05,
2018-05-07 16:21 ~ am.irreza4680,
2018-05-07 16:32 ~ kaushal2139,
2018-05-07 19:53 ~ karlos.nunez.10,
2018-05-07 19:57 ~ motivationsuccesstoday,
2018-05-07 20:00 ~ big_d_bags,
2018-05-07 20:14 ~ nutz_produxions,
2018-05-07 20:22 ~ allabouttheweight,
2018-05-07 20:30 ~ selectivepromoter,
2018-05-07 20:56 ~ massrecruiter,
2018-05-07 21:02 ~ the_anon_04,
2018-05-07 21:04 ~ rc06298,
2018-05-07 21:10 ~ daduerande,
2018-05-07 21:11 ~ i_am_vivek6051,
2018-05-07 21:18 ~ im_shubham077,
2018-05-07 21:25 ~ shezan___mahmud,
2018-05-07 21:29 ~ duke_dilli,
2018-05-07 21:33 ~ noushadmtl,
2018-05-07 21:36 ~ life_quotes4447,
2018-05-07 21:40 ~ itz_.robinrajput,
2018-05-07 22:07 ~ adarshsingh1854,
2018-05-07 22:10 ~ mostwanted_alex,
2018-05-07 22:20 ~ irfanmalikworld2,
2018-05-07 22:36 ~ ishan_makwana,
2018-05-07 22:37 ~ harshal1044,
2018-05-07 22:43 ~ shivamshivam58176,
2018-05-07 22:56 ~ vanararavi,
2018-05-07 23:08 ~ rallye20vt,
2018-05-07 23:12 ~ tushar_singla_4096,
2018-05-07 23:17 ~ thakurpalsingh_official,
2018-05-08 07:29 ~ strawstack_shortberry,
2018-05-08 07:45 ~ danny_tee2green_n2,
2018-05-08 08:03 ~ rwillis_fabio,
2018-05-08 08:12 ~ umair_uddhin,
2018-05-08 08:16 ~ jacorojas,
2018-05-08 08:38 ~ sourav7072,
2018-05-08 08:46 ~ himanshu.world,
2018-05-08 08:56 ~ rohit_mitkari,
2018-05-08 09:04 ~ name.is.nandu,
2018-05-08 09:13 ~ ohhbhaisahab,
2018-05-08 09:19 ~ p.i.k.a__c.h.u,
2018-05-08 09:23 ~ allyouneedmarket,
2018-05-08 09:28 ~ sayalikarpe_,
2018-05-08 09:32 ~ rajamanahira,
2018-05-08 09:34 ~ gauravkarangiya12,
2018-05-08 09:41 ~ debojyotimozumder,
2018-05-08 09:55 ~ _priyanshu_pandey__,
2018-05-08 09:59 ~ shettypramit,
2018-05-08 10:02 ~ amitoppo82182018,
2018-05-08 10:04 ~ manpreetsingh1541,
2018-05-08 10:17 ~ yenidogan_gercekleri,
2018-05-08 18:30 ~ rakesh7971kumar,
2018-05-08 18:34 ~ krazy_boy_sunil,
2018-05-08 18:38 ~ anindya_banerjee.9,
2018-05-08 18:41 ~ venkyv668,
2018-05-08 18:51 ~ royakashnil,
2018-05-08 18:59 ~ bidyutsardar1,
2018-05-08 19:08 ~ _sahiltandel26,
2018-05-08 19:14 ~ dp_digvijay,
2018-05-08 19:16 ~ foxonfeet,
2018-05-08 19:54 ~ sy3d._.musta5a,
2018-05-08 19:57 ~ akkip________19,
2018-05-08 20:01 ~ iftekhirul,
2018-05-08 20:09 ~ faizan_im,
2018-05-08 20:15 ~ vurdugoololdu2017,
2018-05-08 20:43 ~ m__a__n___i__s__h___,
2018-05-08 20:47 ~ sepatu_bandung003,
2018-05-08 20:51 ~ yashwant7154,
2018-05-08 21:00 ~ high_class_man_,
2018-05-08 21:06 ~ arulmurganarul,
2018-05-08 21:07 ~ dskameshrao0002,
2018-05-08 21:08 ~ mr_aryan01,
2018-05-08 21:13 ~ huzaifasiddqui,
2018-05-08 21:26 ~ ramansiddhu,
2018-05-08 21:31 ~ m_o_n_u_j_.b_o_r_a,
2018-05-08 21:35 ~ clv.saw,
2018-05-08 21:39 ~ rajdeep90550,
2018-05-08 21:41 ~ amanjoshi4571,
2018-05-08 21:44 ~ iamsingeraayush,
2018-05-08 21:51 ~ imr_a_9,
2018-05-08 21:54 ~ ___sarbajit____,
2018-05-08 21:59 ~ singh9369,
2018-05-08 22:04 ~ sukhi_buttar,
2018-05-08 22:07 ~ gurjin0,
2018-05-08 22:12 ~ shahariarfardin777,
2018-05-08 22:17 ~ punjabiteeco,
2018-05-08 22:31 ~ praveenchandane,
2018-05-08 22:33 ~ prateek_chhillar,
2018-05-08 22:37 ~ simranjeet0004,
2018-05-08 22:41 ~ danish_5fit,
2018-05-08 22:45 ~ visualnutrionsm,
2018-05-08 22:49 ~ lakhwinder1243,
2018-05-08 22:52 ~ its_gk_time,
2018-05-08 22:56 ~ justsakiransari,
2018-05-08 23:02 ~ zoyaqueresh,
2018-05-08 23:05 ~ ct_dogg,
2018-05-08 23:12 ~ therealgianmarco,
2018-05-08 23:36 ~ parwez_07,
2018-05-08 23:43 ~ kartiksiriya,
2018-05-08 23:47 ~ imran_khwaja_khan,
2018-05-08 23:54 ~ thenathanscott001,
2018-05-08 23:57 ~ manmeet.phagwara,
2018-05-09 00:03 ~ kazimabbas247,
2018-05-09 00:13 ~ abhishinde6385,
2018-05-09 00:22 ~ sattu_143,
2018-05-09 00:27 ~ ritikkabaddiritik,
2018-05-09 00:37 ~ saurav.sagar_official,
2018-05-09 00:41 ~ amrendra_aman,
2018-05-09 01:49 ~ joe_b_won_kenobi9,
2018-05-09 02:27 ~ krishnashahija,
2018-05-09 02:28 ~ jayraj_2030,
2018-05-09 02:31 ~ gggt8830,
2018-05-09 02:35 ~ aadilmark69,
2018-05-09 02:36 ~ siddiqking069,
2018-05-09 02:39 ~ sarajaanfilm.2,
2018-05-09 02:40 ~ harsh8039,
2018-05-09 02:46 ~ missshefali94,
2018-05-09 02:51 ~ shikharverma46,
2018-05-09 02:53 ~ _mohammed__anis_,
2018-05-09 02:56 ~ sharfunnahar,
2018-05-09 02:59 ~ azfar.azfar.79677,
2018-05-09 03:02 ~ lianalaurie,
2018-05-09 03:05 ~ zetajeremias,
2018-05-09 03:21 ~ srivathsa_n_bhat,
2018-05-09 03:27 ~ aidenpraju,
2018-05-09 03:33 ~ felipesaa02,
2018-05-09 03:38 ~ raw3aakpopp,
2018-05-09 03:42 ~ ronald_jaffrey,
2018-05-09 03:47 ~ princekumar587,
2018-05-09 03:49 ~ _emi_79,
2018-05-09 03:53 ~ akashskysmokie,
2018-05-09 04:08 ~ romichraz,
2018-05-09 04:12 ~ mr_jignesh_3653,
2018-05-09 04:13 ~ aaditya_pandit_22,
2018-05-09 04:26 ~ furqhanuddin,
2018-05-09 04:32 ~ its_jagtar_22,
2018-05-09 04:37 ~ madro_king,
2018-05-09 04:41 ~ calm__boyyy,
2018-05-09 04:49 ~ noor__yo95,
2018-05-09 04:54 ~ biandradeoficial,
2018-05-09 04:59 ~ hanns75,
2018-05-09 05:01 ~ wasted_height_potential,
2018-05-09 05:04 ~ superhoben,
2018-05-09 05:13 ~ beertom13,
2018-05-09 05:26 ~ future_scientist_0_00,
2018-05-09 05:37 ~ janakirammiriyala,
2018-05-09 05:40 ~ le_bah_,
2018-05-09 05:43 ~ venordika,
2018-05-09 05:49 ~ rickeywilcox79,
2018-05-09 05:53 ~ nicck_chase,
2018-05-09 05:54 ~ carlosbartolo08,
2018-05-09 05:56 ~ little_italy95,
2018-05-09 05:59 ~ khaled_hoshme,
2018-05-09 06:04 ~ our.liife,
2018-05-09 06:08 ~ teamflexappeal,
2018-05-09 06:11 ~ josephreilly2010,
2018-05-09 06:34 ~ realgalinganchev,
2018-05-09 06:40 ~ john_hannon20,
2018-05-09 06:44 ~ nab.ferdz,
2018-05-09 06:48 ~ marcelwiebern,
2018-05-09 06:53 ~ crushpizza,
2018-05-09 07:16 ~ houseofbros_,
2018-05-09 07:17 ~ tonnypc1,
2018-05-09 07:45 ~ manishshah1587,
2018-05-09 07:50 ~ dpjust,
2018-05-09 08:13 ~ md_arif_anwar,
2018-05-09 08:26 ~ formula_dee,
2018-05-09 08:31 ~ mbielaga,
2018-05-09 08:47 ~ ghumkad_ladka_,
2018-05-09 08:58 ~ aesthetic_rishu,
2018-05-09 09:01 ~ rossrui,
2018-05-09 09:03 ~ sharnemurphy,
2018-05-09 09:06 ~ sabki_fevret_princess_aisha_rk,
2018-05-09 09:13 ~ vishwamber_,
2018-05-09 09:15 ~ tony_izaguirre,
2018-05-09 09:41 ~ coachmarcos_krt,
2018-05-09 09:54 ~ connate_me,
2018-05-09 10:04 ~ chetan.gujar.5492,
2018-05-09 10:08 ~ tausif_king_khan,
2018-05-09 11:41 ~ believer_asu,
2018-05-09 11:56 ~ sidharth.routh.7140,
2018-05-09 11:57 ~ nidheeshkrishnan6866,
2018-05-09 14:07 ~ justclick__,
2018-05-09 14:10 ~ shagooyawarr,
2018-05-09 14:15 ~ priya_singh41,
2018-05-09 14:20 ~ srinidhijangala,
2018-05-09 14:26 ~ sachinswami222,
2018-05-09 14:29 ~ bankatrathod,
2018-05-09 14:31 ~ fylani24,
2018-05-09 14:36 ~ _priyam_lifestyle,
2018-05-09 14:38 ~ rana_paaritosh_singh,
2018-05-09 14:46 ~ davidthomsem,
2018-05-09 14:50 ~ tone_42og,
2018-05-09 14:57 ~ degendrifter,
2018-05-09 15:02 ~ ollimalmberg,
2018-05-09 15:04 ~ shabina_mojid,
2018-05-09 15:09 ~ tictacfury,
2018-05-09 15:12 ~ siva_prakash__,
2018-05-09 15:17 ~ khipalmandeep,
2018-05-09 15:47 ~ iam.guddu001,
2018-05-09 15:52 ~ yadavrahul14,
2018-05-09 15:55 ~ _igoorzin_,
2018-05-09 16:02 ~ praveenkumar3018,
2018-05-09 16:08 ~ dfoodfool,
2018-05-09 16:13 ~ zaricollections,
2018-05-09 16:15 ~ this___dude___,
2018-05-09 16:21 ~ sachin_jakhaaaaar,
2018-05-09 16:31 ~ mandeeps02,
2018-05-09 16:35 ~ estebanjuin,
2018-05-09 16:56 ~ iashish_bisht,
2018-05-09 16:58 ~ shyambujji,
2018-05-09 17:00 ~ mk_meena0104,
2018-05-09 17:09 ~ norozatkuliak,
2018-05-09 17:17 ~ coachbz,
2018-05-09 17:18 ~ dragon1s.321,
2018-05-09 17:25 ~ sushantmalik08,
2018-05-09 17:28 ~ ll._nitesh.y_ll,
2018-05-09 17:31 ~ hamzaa_.zafar,
2018-05-09 17:34 ~ jd_5599,
2018-05-09 17:37 ~ mouli.mahesh,
2018-05-09 17:40 ~ samir_officiyl_46,
2018-05-09 17:42 ~ smarty_mohit_sharma,
2018-05-09 17:58 ~ ashwyin,
2018-05-09 18:05 ~ vivek_ingle_photography,
2018-05-09 18:10 ~ walia_2205,
2018-05-09 18:12 ~ kichuzz_mad_lover,
2018-05-09 18:16 ~ marekmurarik,
2018-05-09 18:21 ~ _manpreet_gill3888,
2018-05-09 18:25 ~ si.samoe.interesnoe.si,
2018-05-09 18:36 ~ moh.fatirarafah.sahrulaswad,
2018-05-09 18:50 ~ nitu.mundra.104,
2018-05-09 18:52 ~ lokesh_darmaraju_6162,
2018-05-09 18:57 ~ ssd_sourabh,
2018-05-09 18:59 ~ saidakhanxyz,
2018-05-09 19:03 ~ seifoutiwil,
2018-05-09 19:08 ~ faresfares9,
2018-05-09 19:12 ~ jacobwmartin1,
2018-05-09 19:17 ~ cigarsister,
2018-05-09 19:24 ~ sim_simma_boi,
2018-05-09 19:26 ~ s_t_barna,
2018-05-09 19:28 ~ noselequedonada,
2018-05-09 19:31 ~ joseperez1438,
2018-05-09 19:35 ~ cricketer_at_greenpark_stadium,
2018-05-09 19:40 ~ its__shoaib__,
2018-05-09 19:55 ~ tharol_rahul,
2018-05-09 20:07 ~ mr.saswatdas,
2018-05-09 20:08 ~ marcandrelaforge,
2018-05-09 20:25 ~ hiralp758,
2018-05-09 20:30 ~ gregarmfield,
2018-05-09 20:32 ~ bansodekeval,
2018-05-09 20:36 ~ shaika4923,
2018-05-09 20:38 ~ ketkiieee,
2018-05-09 20:43 ~ kaushikdeepak620,
2018-05-09 20:45 ~ solitary_social_recluse,
2018-05-09 20:50 ~ totallripped_mark,
2018-05-09 21:02 ~ varinder3008,
2018-05-09 21:03 ~ zmkhan6789,
2018-05-09 21:21 ~ blessy14,
2018-05-09 21:30 ~ dominguez908,
2018-05-09 21:41 ~ tomgreen_17,
2018-05-09 21:48 ~ itsmccallister,
2018-05-09 22:09 ~ kavyasing5554,
2018-05-09 22:17 ~ kush_narang0074600,
2018-05-09 22:20 ~ bhardhwaj_sourav,
2018-05-09 22:33 ~ akshat2907,
2018-05-09 22:40 ~ avitiwarii,
2018-05-09 22:53 ~ dhruvparmar5491,
2018-05-09 22:58 ~ lxxv.vxrsvcxx,
2018-05-09 23:00 ~ mr_thakur_8081,
2018-05-09 23:15 ~ bathoi5516,
2018-05-09 23:21 ~ moumita690,
2018-05-09 23:39 ~ gia.mendez,
2018-05-09 23:42 ~ hosny349,
2018-05-09 23:45 ~ shahu_khan88,
2018-05-09 23:47 ~ mettbos,
2018-05-09 23:51 ~ dilshod_nematoov,
2018-05-09 23:58 ~ cristiancamacho1299,
2018-05-10 00:03 ~ kylelukas1,
2018-05-10 00:07 ~ camsgymlife,
2018-05-10 00:11 ~ jistin.kapil,
2018-05-10 00:12 ~ hamada.galal.96199,
2018-05-10 00:19 ~ yahiboos,
2018-05-10 01:21 ~ i2nnnnnnnnnn,
2018-05-10 01:23 ~ needmytwin,
2018-05-10 01:26 ~ yogeshlodharajput,
2018-05-10 01:32 ~ shiv_patil_100,
2018-05-10 01:42 ~ mr.ps_choudhary,
2018-05-10 01:49 ~ ss.leet,
2018-05-10 01:51 ~ red.deliallisi,
2018-05-10 02:06 ~ adam.lks,
2018-05-10 02:16 ~ andreu_le,
2018-05-10 02:20 ~ aatish_donde,
2018-05-10 02:25 ~ elsaroberts1,
2018-05-10 02:43 ~ si_fan,
2018-05-10 02:46 ~ sumit.gohar.7503,
2018-05-10 02:58 ~ getcayenne,
2018-05-10 03:07 ~ namratabhattacharjee.lb,
2018-05-10 03:26 ~ moviemotherhood,
2018-05-10 03:31 ~ shaikhshahnawaz130451,
2018-05-10 03:34 ~ prit.jadhav.3511,
2018-05-10 04:07 ~ kimberlyng09,
2018-05-10 04:11 ~ sanughosh420811,
2018-05-10 04:18 ~ yahyakhan43,
2018-05-10 04:21 ~ sahil_tyag,
2018-05-10 04:26 ~ wahyuningtyas265,
2018-05-10 04:28 ~ 9wx8,
2018-05-10 06:59 ~ rohanbisht1729,
2018-05-10 07:02 ~ pnwr_navi,
2018-05-10 07:12 ~ ad.itya5605,
2018-05-10 07:16 ~ ka.la613,
2018-05-10 07:25 ~ etredovian,
2018-05-10 07:27 ~ eliasrbau,
2018-05-10 07:39 ~ scottg32,
2018-05-10 07:50 ~ deepak.chaudhari,
2018-05-10 07:59 ~ akash_singh_1718,
2018-05-10 08:03 ~ betinho_wf,
2018-05-10 08:11 ~ laxmikant8497,
2018-05-10 08:23 ~ vishal00021,
2018-05-10 08:30 ~ ram_rod_1776,
2018-05-10 08:33 ~ formidable_justice,
2018-05-10 08:37 ~ yashraj21patna,
2018-05-10 08:42 ~ chahal.harpreet43,
2018-05-10 09:00 ~ emmaskali,
2018-05-10 09:39 ~ nikkiyada5277,
2018-05-10 09:41 ~ armanali746,
2018-05-10 09:44 ~ raghunandan_ray,
2018-05-10 09:55 ~ vieolopez,
2018-05-10 09:59 ~ poojachoubisaa,
2018-05-10 10:01 ~ fashionstuff.pk,
2018-05-10 10:23 ~ deepaktawar08,
2018-05-10 10:25 ~ dehadeomkar,
2018-05-10 10:42 ~ ankknath,
2018-05-10 10:53 ~ amitkumar_official_,
2018-05-10 11:04 ~ mohaddishayat1998_28,
2018-05-10 11:15 ~ healthy_eating_addictrp88,
2018-05-10 11:21 ~ rahul_rajpoot578,
2018-05-10 11:22 ~ sanyam_jain07,
2018-05-10 11:26 ~ gurjeet_singh89,
2018-05-10 11:29 ~ rc0405494,
2018-05-10 11:34 ~ tin_tin31090,
2018-05-10 11:37 ~ pa.mendoza,
2018-05-10 12:10 ~ mayankkumarsalon,
2018-05-10 12:21 ~ girishadhale,
2018-05-10 12:23 ~ v.e.a.l_d.e.a.l_,
2018-05-10 12:29 ~ sujitsaha02,
2018-05-10 12:31 ~ beatrisse.reynolds3279,
2018-05-10 12:32 ~ anshu_gupta_1999,
2018-05-10 12:45 ~ realspotme,
2018-05-10 12:52 ~ amanthakur_fit,
2018-05-10 12:56 ~ cosmin.2000,
2018-05-10 13:11 ~ jay_k.suthar,
2018-05-10 13:19 ~ ks421289,
2018-05-10 13:22 ~ _._.r.i.s.h.i._._,
2018-05-10 13:26 ~ sumitsin5184,
2018-05-10 13:27 ~ gurri_ramgharia,
2018-05-10 13:37 ~ mick_fits,
2018-05-10 13:52 ~ vikkidhandre,
2018-05-10 13:53 ~ __batman___01,
2018-05-10 13:58 ~ singhg4515,
2018-05-10 14:03 ~ rudratiwari12,
2018-05-10 14:39 ~ harjeet_dhaliwal_1690,
2018-05-10 14:49 ~ xx_.inzys_95_xx,
2018-05-10 14:54 ~ _____nidhii_,
2018-05-10 14:58 ~ biju.hasan,
2018-05-10 15:11 ~ danish_malik_fanclub09,
2018-05-10 15:16 ~ dbzmerchandise,
2018-05-10 15:30 ~ jaat_deepak_chaudhary,
2018-05-10 15:40 ~ vaid.rohan,
2018-05-10 15:43 ~ goran.zlatanovic.12,
2018-05-10 15:45 ~ sarthakpatil_,
2018-05-10 15:46 ~ pandat_ji_perfect,
2018-05-10 16:03 ~ sukhwir_singh,
2018-05-10 16:05 ~ mr_m_a_d_d_y,
2018-05-10 16:17 ~ danifradkin,
2018-05-10 19:18 ~ sahil_p_solanki,
2018-05-10 19:21 ~ official.malkeetbains,
2018-05-10 19:26 ~ inbisatmajid,
2018-05-10 19:29 ~ acharya.abhishek.338,
2018-05-10 19:31 ~ tandonbharani,
2018-05-10 19:32 ~ irahi._.k,
2018-05-10 19:43 ~ naif_m_zaman,
2018-05-10 19:44 ~ mulsken,
2018-05-10 19:47 ~ raviraaj_kathi,
2018-05-10 21:29 ~ gaurav_choursiya_gc,
2018-05-10 21:39 ~ shuklay044,
2018-05-10 21:44 ~ thorkebasumatarygm,
2018-05-10 21:50 ~ mongrol_gypsy_king,
2018-05-10 21:53 ~ laia_222,
2018-05-10 22:04 ~ love_status_mix_2018,
2018-05-10 22:22 ~ c.mccaffrey25,
2018-05-10 22:40 ~ abdifitness,
2018-05-10 22:46 ~ miller.time89,
2018-05-10 22:51 ~ unkown_face,
2018-05-10 22:58 ~ sultansaif_786,
2018-05-10 23:01 ~ a_nkitbashata,
2018-05-10 23:04 ~ dariush.e.2000,
2018-05-10 23:09 ~ sinsatnam1,
2018-05-10 23:17 ~ sk59257862017,
2018-05-10 23:24 ~ sagar_pathre,
2018-05-10 23:32 ~ yadav.atul.5458,
2018-05-10 23:37 ~ luu.aarevalo,
2018-05-10 23:42 ~ congduc111,
2018-05-10 23:43 ~ omarmozatr,
2018-05-10 23:48 ~ aikawachua,
2018-05-10 23:49 ~ lukasflockaflame,
2018-05-10 23:53 ~ shivam_gujjar_miragpur,
2018-05-10 23:55 ~ i_amaan.___,
2018-05-10 23:57 ~ s_kr_singh,
2018-05-11 00:10 ~ steinbrinck_julien,
2018-05-11 00:18 ~ aftabaziz437,
2018-05-11 00:25 ~ deep.tayde,
2018-05-11 00:32 ~ hey_im__the_one__,
2018-05-11 00:41 ~ nucci.fit,
2018-05-11 01:00 ~ a.w.s.m._s.w.a.r.u.p,
2018-05-11 01:02 ~ gurmeetahujaa,
2018-05-11 01:11 ~ hrishi9750,
2018-05-11 01:14 ~ adnan_addy_ns_6603,
2018-05-11 01:19 ~ _addu_mohit_06,
2018-05-11 01:27 ~ hony_stark,
2018-05-11 01:31 ~ dltng.sdtm,
2018-05-11 01:44 ~ bczb3st,
2018-05-11 01:50 ~ nicolasrubilar2,
2018-05-11 01:53 ~ akshay_patil1996,
2018-05-11 01:57 ~ jlecab,
2018-05-11 02:00 ~ camil.mammadov,
2018-05-11 02:11 ~ danielrainr,
2018-05-11 02:23 ~ aqib53,
2018-05-11 02:25 ~ _i_am_ak,
2018-05-11 02:29 ~ ashushukla7950,
2018-05-11 02:30 ~ amit_khetal,
2018-05-11 02:51 ~ zuber6487,
2018-05-11 06:27 ~ lavish5886,
2018-05-11 06:32 ~ miggo_gynasyde_clarke_500,
2018-05-11 06:35 ~ subham_kr_sam,
2018-05-11 06:38 ~ shabeeha110,
2018-05-11 06:41 ~ rush.sh.007,
2018-05-11 06:42 ~ mhiranda_dmy,
2018-05-11 06:49 ~ nesma_khan,
2018-05-11 06:53 ~ street_creations,
2018-05-11 06:56 ~ r_e_x_h_a_j,
2018-05-11 06:57 ~ ariky_csm,
2018-05-11 07:06 ~ sahilfanden,
2018-05-11 07:09 ~ rashik_p_,
2018-05-11 07:14 ~ varmaabhishek5888,
2018-05-11 07:19 ~ amitsatpute2196,
2018-05-11 07:22 ~ abhijeet.sinha.58511276,
2018-05-11 07:29 ~ prit_panda,
2018-05-11 07:44 ~ tiagoestevaofaria,
2018-05-11 07:48 ~ pepperman98,
2018-05-11 07:53 ~ amangulati_16,
2018-05-11 08:01 ~ mohammadsaif9301,
2018-05-11 08:04 ~ vivek.maurya1011,
2018-05-11 08:11 ~ lovegururangwani,
2018-05-11 08:33 ~ sumit.sumit.31392410,
2018-05-11 08:39 ~ mohamad89890_,
2018-05-11 08:44 ~ khajuria4916,
2018-05-11 08:50 ~ syedmuzammilsmk,
2018-05-11 08:54 ~ acosta_416,
2018-05-11 08:59 ~ babayev_504,
2018-05-11 09:02 ~ youdownwithacp,
2018-05-11 09:05 ~ neerdowell_extraordinaire,
2018-05-11 09:11 ~ subindersingh,
2018-05-11 09:14 ~ divas_chaudhary01,
2018-05-11 09:21 ~ mr_saurabh_gharat_2559,
2018-05-11 09:36 ~ hyl2392,
2018-05-11 09:39 ~ shamsher__1315,
2018-05-11 09:54 ~ wrx_letsago,
2018-05-11 09:59 ~ raulb50,
2018-05-11 10:01 ~ mattdavisdrum,
2018-05-11 10:08 ~ thakur_harshvardhansinghc,
2018-05-11 10:10 ~ nanawareritesh,
2018-05-11 10:28 ~ miqayelyan_.777,
2018-05-11 10:43 ~ sivaranjan_p,
2018-05-11 10:44 ~ meirajhaq,
2018-05-11 10:47 ~ officialharpreetdhillon,
2018-05-11 10:59 ~ happy_shroff,
2018-05-11 11:12 ~ johnnyrocket9000,
2018-05-11 11:15 ~ smit_patel_15_,
2018-05-11 11:17 ~ dr.corybig,
2018-05-11 11:21 ~ jairo_personaltrainer,
2018-05-11 11:26 ~ sanjay_buragohain,
2018-05-11 11:39 ~ _viv.xx,
2018-05-11 11:45 ~ vijaydhama9715,
2018-05-11 11:47 ~ world_fit_fam,
2018-05-11 11:50 ~ mohan_cage,
2018-05-11 12:53 ~ ritumalhotra_official,
2018-05-11 12:57 ~ sharik.shaikh709,
2018-05-11 13:01 ~ shaik_saddam_5585,
2018-05-11 13:10 ~ mrinal_chandra_official_,
2018-05-11 13:12 ~ __vivian_laksh__,
2018-05-11 13:21 ~ kimjnr0001,
2018-05-11 13:29 ~ saeed133142,
2018-05-11 13:32 ~ munish2064,
2018-05-11 13:54 ~ william_grinnell,
2018-05-11 13:57 ~ stevanus_apr,
2018-05-11 14:03 ~ adilhussein698,
2018-05-11 14:07 ~ humi_fitness,
2018-05-11 14:13 ~ praveen_sharma0,
2018-05-11 14:20 ~ _naman_tyagi_024,
2018-05-11 20:14 ~ tracey_beresford,
2018-05-11 20:24 ~ malik.jabber.3,
2018-05-11 20:26 ~ scottyah,
2018-05-11 20:32 ~ fabiodbr_,
2018-05-11 20:45 ~ vamshi__bob,
2018-05-11 20:53 ~ fitness_marloncoach7,
2018-05-11 20:55 ~ hairy___potter,
2018-05-11 20:59 ~ khawajaosmanulhaqofficial,
2018-05-11 21:04 ~ metalfitness666,
2018-05-11 21:08 ~ _naiyer_warsi_naiyuuuu_,
2018-05-11 21:11 ~ eliastoube,
2018-05-11 21:12 ~ prashantmakhare,
2018-05-11 21:13 ~ tamta4414,
2018-05-11 21:14 ~ ucanpt_arni,
2018-05-11 21:15 ~ abhishekthorat100,
2018-05-11 21:16 ~ badoninitesh,
2018-05-11 21:24 ~ shawnzygetsfit,
2018-05-11 21:30 ~ itz_nickmehra,
2018-05-11 21:33 ~ pspeeyush77,
2018-05-11 21:38 ~ kang.dongchan,
2018-05-11 21:53 ~ anikaishqbaaz1429,
2018-05-11 21:58 ~ calebkeeling,
2018-05-11 22:00 ~ _mashnoor_,
2018-05-11 22:02 ~ official.malkeetbains,
2018-05-11 22:05 ~ mdimraanhussa,
2018-05-11 22:07 ~ cal_me_gaura,
2018-05-11 22:07 ~ anshuman_shah,
2018-05-11 22:09 ~ thommy_athletics,
2018-05-11 22:10 ~ tej_banna_rj_07,
2018-05-11 22:20 ~ lendafashions,
2018-05-11 22:24 ~ thatkiddchrissss,
2018-05-11 22:24 ~ xtremehood,
2018-05-11 22:26 ~ sooraj_rh,
2018-05-11 22:26 ~ joyencommeene,
2018-05-11 22:29 ~ aasu___007,
2018-05-11 22:31 ~ mubashir.insta,
2018-05-11 22:32 ~ ajthakurji,
2018-05-11 22:39 ~ ayush_rahul20,
2018-05-11 22:40 ~ _jayu_1004,
2018-05-11 22:41 ~ divyansh_gupta__,
2018-05-11 22:43 ~ chinmaydhamale_96k,
2018-05-11 22:43 ~ prabh557,
2018-05-11 22:44 ~ aleksandrkalinin5011,
2018-05-11 22:45 ~ ppkhy456,
2018-05-11 22:48 ~ _famous_banda_,
2018-05-11 22:49 ~ vinodh1794,
2018-05-11 22:51 ~ zahidansari6145,
2018-05-11 22:58 ~ peruana1988w,
2018-05-11 22:59 ~ biandradeoficial,
2018-05-11 23:09 ~ arlindomartina,
2018-05-11 23:12 ~ kirin_king8,
2018-05-11 23:16 ~ stewartwattson,
2018-05-11 23:18 ~ marcandrelaforge,
2018-05-11 23:19 ~ dil_dar_tailor,
2018-05-11 23:21 ~ im.om.kudale,
2018-05-11 23:22 ~ the_rizwan_khan_power,
2018-05-11 23:25 ~ mr_jigsaw_,
2018-05-11 23:25 ~ chaudhary_s_a_c_h_i_n,
2018-05-11 23:26 ~ naz_chowki,
2018-05-11 23:28 ~ hyderabadi_style_,
                                      2018-05-12 01:31 ~ jake.poulin,
2018-05-12 01:37 ~ beingmandeep_,
2018-05-12 01:41 ~ physical_mastery,
2018-05-12 01:45 ~ thijs.vk,
2018-05-12 01:45 ~ vyaspurav,
2018-05-12 01:50 ~ nikhildeo22,
2018-05-12 01:55 ~ topexercises,
2018-05-12 02:08 ~ gyani_999,
2018-05-12 02:09 ~ gaurav4595,
2018-05-12 02:14 ~ ayazpatel1987,
2018-05-12 02:15 ~ abhijith_s_thampi,
2018-05-12 02:16 ~ b_radleybrown,
2018-05-12 02:17 ~ mumin__shahroze,
2018-05-12 02:18 ~ kinobody_entreprenuer,
2018-05-12 02:21 ~ nl.accessories,
2018-05-12 02:23 ~ dipesh_gurjar001,
2018-05-12 02:26 ~ steph_codo,
2018-05-12 02:28 ~ murtujaahk,
2018-05-12 02:28 ~ matthewcshughes,
2018-05-12 02:35 ~ jasper_houdijk,
2018-05-12 02:37 ~ dirtroaddollars,
2018-05-12 02:40 ~ heavenly097,
2018-05-12 02:46 ~ escobar6382,
2018-05-12 02:46 ~ shootervilasjat,
2018-05-12 02:50 ~ phillipambrozewicz,
2018-05-12 02:52 ~ urbicar87,
2018-05-12 02:57 ~ arvin_nation,
2018-05-12 02:57 ~ hinal1102,
2018-05-12 02:59 ~ willbaxterfitness,
2018-05-12 03:02 ~ cole_hallam,
2018-05-12 03:14 ~ nitsuhdemewe,
2018-05-12 03:23 ~ mdestiakkhan,
2018-05-12 03:26 ~ ranganjit,
2018-05-12 03:34 ~ gymgeorgie98,
2018-05-12 03:38 ~ ashley2937,
2018-05-12 03:40 ~ aman_fitness_trainer,
2018-05-12 03:41 ~ stefenirecken,
2018-05-12 03:42 ~ fbfr35,
2018-05-12 03:43 ~ naomisandalls,
2018-05-12 03:46 ~ tabhsyed,
2018-05-12 03:47 ~ antonio_l.e.o,
2018-05-12 03:47 ~ shaikhtauheed522,
2018-05-12 03:50 ~ silver__dog,
2018-05-12 03:50 ~ vachnesh_shukla_,
2018-05-12 03:51 ~ fabian_ki,
2018-05-12 03:51 ~ jacktenke,
2018-05-12 03:52 ~ _mariacorreah,
2018-05-12 03:56 ~ azhar_king_qureshi,
2018-05-12 03:58 ~ workout_healthy_guide,
2018-05-12 04:00 ~ 40fiedfitness,
2018-05-12 04:00 ~ gymletix,
2018-05-12 04:02 ~ shillukiroriwal,
2018-05-12 04:02 ~ florisvdaa,
2018-05-12 04:04 ~ kamilwsh,
2018-05-12 04:05 ~ anas__fit,
2018-05-12 04:12 ~ sebastiangoetkint,
2018-05-12 04:14 ~ himanshubhadauriya12,
2018-05-12 04:16 ~ matthew_gilmore7,
2018-05-12 04:16 ~ divyanshu_21,
2018-05-12 04:18 ~ h.a.r.d.i.k_98,
2018-05-12 04:19 ~ abhi_aabhu_bholu,
2018-05-12 04:20 ~ 360_body,
2018-05-12 04:24 ~ levv_,
2018-05-12 04:25 ~ djs667,
2018-05-12 04:26 ~ eliteathletics_co,
2018-05-12 04:26 ~ prit__parmar,
2018-05-12 04:38 ~ whovivekyaduvanshi,
2018-05-12 04:39 ~ mirektrnka,
2018-05-12 04:42 ~ muzic94,
2018-05-12 04:45 ~ jmedfit,
2018-05-12 04:46 ~ djallen5150,
2018-05-12 04:47 ~ millie.karpel,
2018-05-12 04:49 ~ freshstartfi,
2018-05-12 04:49 ~ tracie.hall.71066,
2018-05-12 04:54 ~ mahmoudali01220,
2018-05-12 04:58 ~ abhishekkhadia,
2018-05-12 04:58 ~ shrenik.mistry,
2018-05-12 05:02 ~ jithureddy66,
2018-05-12 05:16 ~ bugarin1174,
2018-05-12 05:20 ~ sanjupatil143,
2018-05-12 05:25 ~ daekwomb,
2018-05-12 05:28 ~ armin__yosefiii,
2018-05-12 05:29 ~ bkow716,
2018-05-12 05:31 ~ a7med_7ama2ii,
2018-05-12 05:33 ~ pradebonsueli,
2018-05-12 05:35 ~ nitish_chao,
2018-05-12 05:35 ~ gabriel_fiit,
2018-05-12 05:37 ~ suryavanshi.sushant,
2018-05-12 06:44 ~ prasanna_aga14,
2018-05-12 06:47 ~ narendra.mega0987,
2018-05-12 06:49 ~ lpjosse,
2018-05-12 07:03 ~ biandradeoficial,
2018-05-12 08:01 ~ madzdoesgym624,
2018-05-12 08:04 ~ ca.ndace1989,
2018-05-12 08:13 ~ alpha.respected,
2018-05-12 08:23 ~ 50shakessofwhey,
2018-05-12 08:29 ~ twoheadedbrayne,
2018-05-12 08:33 ~ sani.adams808,
2018-05-12 08:47 ~ rushi_patil_143_,
2018-05-12 08:50 ~ _nellyyyyyyyy,
2018-05-12 08:53 ~ kilemal89,
2018-05-12 09:05 ~ akbajicx,
2018-05-12 09:06 ~ thecooliest1002,
2018-05-12 09:08 ~ c_note5.56,
2018-05-12 09:13 ~ owenthomasfitness,
2018-05-12 09:14 ~ ryanmartinezfit,
2018-05-12 09:17 ~ shanelle.windom.343,
2018-05-12 11:43 ~ kahill_moses,
2018-05-12 11:45 ~ rajatsahu142,
2018-05-12 11:48 ~ fitchik_morganwilliams,
2018-05-12 11:52 ~ jdonttplay,
2018-05-12 11:56 ~ haneef.mirza,
2018-05-12 12:00 ~ harshithprince,
2018-05-12 12:03 ~ shootout_boys_and_girls_c_b,
2018-05-12 12:04 ~ fit_fitness_video,
2018-05-12 12:08 ~ enddd_galbaat,
2018-05-12 12:11 ~ sidhant1138,
2018-05-12 12:18 ~ jabir_mohmd,
2018-05-12 12:20 ~ its_ur_boy_prats,
2018-05-12 12:27 ~ jayjoshi2478,
2018-05-12 12:35 ~ saihrs0271,
2018-05-12 17:50 ~ milind7744,
2018-05-12 17:58 ~ s_d_nayak,
2018-05-12 18:12 ~ theo_brenner,
2018-05-12 18:23 ~ w_rohan_2003,
2018-05-12 18:29 ~ kore_sagar0210,
2018-05-12 18:35 ~ manisha1465,
2018-05-12 18:52 ~ sandeepyadav5079,
2018-05-12 18:54 ~ kiraninyourlife,
2018-05-12 18:55 ~ imgarry23,
2018-05-12 19:02 ~ andycele22,
2018-05-12 19:05 ~ pauloupito,
2018-05-12 19:12 ~ rafajonax,
2018-05-12 19:32 ~ tytanos_uk,
2018-05-12 19:55 ~ mit_asapn_alpha,
2018-05-12 20:03 ~ bisudakhin,
2018-05-12 20:09 ~ emonikolov2021,
2018-05-12 20:22 ~ he.man21,
2018-05-12 20:27 ~ from_a_teens_heart,
2018-05-12 20:28 ~ gheraissayahia,
2018-05-12 20:31 ~ somarpita8945,
2018-05-12 20:31 ~ alphaashvin,
2018-05-12 20:35 ~ vishal.bathla.581,
2018-05-12 20:37 ~ brutality_sc,
2018-05-12 20:39 ~ lakshmansinghbhadoriya,
2018-05-12 20:45 ~ guruveerguruveer7,
2018-05-12 20:50 ~ trushil_official_30,
2018-05-12 20:54 ~ dankomanjak,
2018-05-12 20:55 ~ vibhudhsharma,
2018-05-12 21:07 ~ kamalkashania,
2018-05-12 21:13 ~ bhaand_baba,
2018-05-12 21:15 ~ angel_morenay2018,
2018-05-12 21:17 ~ buff.mermaid,
2018-05-12 21:19 ~ followerplus100k,
2018-05-12 21:20 ~ goharvirat,
2018-05-12 21:23 ~ jakenewell02,
2018-05-12 21:25 ~ andreea_bali,
2018-05-12 21:28 ~ raj_the_batman,
2018-05-12 21:30 ~ vikram__anand,
2018-05-12 21:31 ~ qu8176,
2018-05-12 21:33 ~ riccardo_civita_official,
2018-05-12 21:36 ~ rhushikesh_nile,
2018-05-12 21:37 ~ miguel.norte,
2018-05-12 21:40 ~ jatinsaroya1,
2018-05-12 21:41 ~ r.a.h.u.l_t,
2018-05-12 21:48 ~ welcometosarthakcity,
2018-05-12 21:49 ~ ahire5146,
2018-05-12 21:54 ~ mikewiltraining,
2018-05-12 22:01 ~ being_chahal,
2018-05-12 22:03 ~ nutrahub.in,
2018-05-12 22:05 ~ _____sanmit_bhide_____,
2018-05-12 22:06 ~ benevegfitness,
2018-05-12 22:13 ~ sukhi7386,
2018-05-12 22:15 ~ bittudhalwal,
2018-05-12 22:17 ~ dwijendikshu,
2018-05-12 22:19 ~ 3eing_gaurav.wagh29,
2018-05-12 22:24 ~ asif.nawaz.kpk,
2018-05-12 22:35 ~ navedgymholic,
2018-05-12 22:37 ~ w_rohan_2003,
2018-05-12 22:37 ~ zu_b_er_khan,
2018-05-12 22:50 ~ harish_bharti0271,
2018-05-12 22:56 ~ geltosg,
2018-05-12 22:56 ~ azzharmalik,
2018-05-12 23:00 ~ jatin_balotra,
2018-05-12 23:06 ~ __rk93,
2018-05-12 23:10 ~ rohitrokx,
2018-05-12 23:12 ~ ni9htowl_6,
2018-05-12 23:13 ~ chintu565756,
2018-05-12 23:16 ~ mr.acehigh,
2018-05-12 23:18 ~ dany_lifts,
2018-05-12 23:23 ~ guri.saab.7837246116,
2018-05-12 23:29 ~ siddas_,
2018-05-12 23:35 ~ pavancasein,
2018-05-12 23:36 ~ amazing_singh,
2018-05-12 23:38 ~ ajaygrover9316,
2018-05-12 23:39 ~ i_am_shutterbug_,
2018-05-12 23:42 ~ expofitnessbolivia,
2018-05-12 23:43 ~ sohel_saiyed_87,
2018-05-12 23:45 ~ dj_marcy_x_0,
2018-05-12 23:46 ~ mariours09_,
2018-05-12 23:47 ~ lifewelldunn,
2018-05-13 00:01 ~ rebel_fitness_freak,
2018-05-13 00:02 ~ ssjuris,
2018-05-13 00:03 ~ ashwintrivedi490,
2018-05-13 00:03 ~ crayzed_l_,
2018-05-13 00:07 ~ mr._sank,
2018-05-13 00:08 ~ mohd_abdul_mustafa,
2018-05-13 00:11 ~ sherryreynoldshardenbrook,
2018-05-13 00:13 ~ ranjeetsingh2488,
2018-05-13 00:16 ~ taimour_ali94,
2018-05-13 00:18 ~ musclepumpau,
2018-05-13 00:19 ~ rigopalacios11,
2018-05-13 00:21 ~ aurelianicole,
2018-05-13 00:22 ~ hello_tags,
2018-05-13 00:24 ~ maxxeyes,
2018-05-13 00:25 ~ glamourzone4models,
2018-05-13 00:27 ~ rayccruz17,
2018-05-13 00:30 ~ aabidshaikh_world,
2018-05-13 00:33 ~ ship_wrecked_jack,
2018-05-13 00:35 ~ shubham_parshionikar,
2018-05-13 00:36 ~ heartyshahid,
2018-05-13 00:37 ~ peterbkelly,
2018-05-13 00:37 ~ bodybuildingwiki,
2018-05-13 00:48 ~ the_abstract_alchemist,
2018-05-13 00:49 ~ streetwearhb,
2018-05-13 00:52 ~ adrianmclaurens,
2018-05-13 00:52 ~ neasaa,
2018-05-13 00:56 ~ barbell.gang,
2018-05-13 01:29 ~ parneet.kaur82,
2018-05-13 01:34 ~ imamhusain_olekar.s,
2018-05-13 01:39 ~ veyselkelees,
2018-05-13 01:46 ~ dipu_dk_121,
2018-05-13 02:06 ~ i_am_irsad_786,
2018-05-13 02:13 ~ aaditya8055_,
2018-05-13 02:17 ~ sunny_singh_rajput143,
2018-05-13 02:21 ~ garima_94,
2018-05-13 02:32 ~ wali_waiters,
2018-05-13 02:34 ~ slowevans,
2018-05-13 02:40 ~ candace_t_,
2018-05-13 02:45 ~ ledezmacarlitos,
2018-05-13 03:00 ~ viren_maurya278,
2018-05-13 03:02 ~ harsh_nagar_0003,
2018-05-13 03:27 ~ ryanbmoreno,
2018-05-13 03:35 ~ tedy_bgo,
2018-05-13 03:38 ~ bianka.carcia.official,
2018-05-13 03:40 ~ southernmuscleguide,
2018-05-13 03:49 ~ cars_store_29,
2018-05-13 03:55 ~ 000plok,
2018-05-13 04:05 ~ miki8146,
2018-05-13 04:25 ~ raaymq,
2018-05-13 04:38 ~ irish_by_blood,
2018-05-13 05:00 ~ 112concept,
2018-05-13 05:05 ~ istyle_villa,
2018-05-13 05:28 ~ samirkhabbache,
2018-05-13 05:36 ~ bodybiulding_steroids_india,
2018-05-13 05:53 ~ angelikagapon,
2018-05-13 05:55 ~ kellycruze45,
2018-05-13 05:57 ~ hulkout_tightshirt,
2018-05-13 06:02 ~ vdubmoto,
2018-05-13 06:04 ~ luckykysa,
2018-05-13 06:13 ~ bakedboi_,
2018-05-13 06:15 ~ anisaliasi,
2018-05-13 06:23 ~ numan.fitness_,
2018-05-13 08:56 ~ frankgigantenaturalpro,
2018-05-13 08:59 ~ 405.kass,
2018-05-13 09:01 ~ jordanbhutchinson,
2018-05-13 09:04 ~ lovarius.gt,
2018-05-13 09:09 ~ simarpreet_sonu,
2018-05-13 09:12 ~ jcausb,
2018-05-13 09:26 ~ jaime.cervantes.35,
2018-05-13 09:35 ~ paul_mccormac,
2018-05-13 09:37 ~ stevepikula,
2018-05-13 09:40 ~ patrickachuff275,
2018-05-13 09:42 ~ damian.tv610,
2018-05-13 09:46 ~ trichbergfitness,
2018-05-13 09:58 ~ tonysnissan,
2018-05-13 10:10 ~ josefloresatl,
2018-05-13 10:15 ~ rajveerharry7504,
2018-05-13 10:18 ~ ry_thebarber,
2018-05-13 10:24 ~ shayadave,
2018-05-13 10:26 ~ yash_gadhavi_vidarka_111,
2018-05-13 10:31 ~ sandeeplohchab15,
2018-05-13 10:36 ~ isabellycristinesilvagil,
2018-05-13 10:39 ~ sarah_georginaxx,
2018-05-13 10:39 ~ gurjants257,
2018-05-13 10:43 ~ madangayarigayari,
2018-05-13 10:46 ~ gopalmihra1823,
2018-05-13 10:46 ~ undeathakuma,
2018-05-13 10:49 ~ the_broken_ryan,
2018-05-13 10:51 ~ rysmukhamedovsul,
2018-05-13 10:55 ~ madsmadsen.ch,
2018-05-13 11:02 ~ dirtypurplepop2,
2018-05-13 11:02 ~ alim_495,
2018-05-13 11:04 ~ travisyasgar,
2018-05-13 11:05 ~ welcometoamritcity__,
2018-05-13 11:05 ~ marionoriega07,
2018-05-13 11:07 ~ m_shubham007,
2018-05-13 11:07 ~ benjaminfardey,
2018-05-13 11:14 ~ mr_rahul_roy_official143,
2018-05-13 11:25 ~ jeremy.med,
2018-05-13 11:33 ~ hairwithkt,
2018-05-13 11:34 ~ lovepreet4434,
2018-05-13 11:38 ~ rajan_pb30,
2018-05-13 11:38 ~ eva.stunning,
2018-05-13 11:38 ~ _tamayo714,
2018-05-13 11:41 ~ _arpit_rajput,
2018-05-13 11:45 ~ spielraum2,
2018-05-13 11:47 ~ adinahund,
2018-05-13 11:48 ~ bandinoeno,
2018-05-13 11:49 ~ jk.7022,
2018-05-13 11:52 ~ arrongymrudkin,
2018-05-13 11:54 ~ ruben_archila,
2018-05-13 11:56 ~ mrjohnnydollar,
2018-05-13 11:58 ~ punjabimodelz,
2018-05-13 17:34 ~ mysteriousanimelover2001,
2018-05-13 17:36 ~ sandie_dk,
2018-05-13 17:38 ~ tidybodies_fp,
2018-05-13 17:40 ~ iamjuliacamerondv,
2018-05-13 17:58 ~ petripellikka,
2018-05-13 18:07 ~ s.i_personaltrainer,
2018-05-13 18:24 ~ levi.quigley,
2018-05-13 18:31 ~ penkovsimeon,
2018-05-13 18:32 ~ jersey_hune,
2018-05-13 18:36 ~ _craigbrian,
2018-05-13 18:49 ~ anytimefitnessfarnham,
2018-05-13 18:51 ~ simvandaele,
2018-05-13 18:55 ~ benpepe,
2018-05-13 19:03 ~ harrywaller__,
2018-05-13 19:12 ~ shubamtandon1985,
2018-05-13 19:12 ~ i_am_gaurav_official,
2018-05-13 19:16 ~ mouslih_sw,
2018-05-13 19:18 ~ handsome.thrills,
2018-05-13 19:20 ~ thecavalry_watches,
2018-05-13 19:23 ~ mohammed_suleman_0fficial,
2018-05-13 19:26 ~ jmatherly_fitness,
2018-05-13 19:30 ~ swagsy_thestore,
2018-05-13 19:35 ~ healthy_eating_addictrp88,
2018-05-13 19:35 ~ devanshmessi,
2018-05-13 19:39 ~ varundvn158,
2018-05-13 19:45 ~ bill.14,
2018-05-13 19:46 ~ mido_me22,
2018-05-13 19:47 ~ ashir_7860,
2018-05-13 19:50 ~ motivationalland,
2018-05-13 19:50 ~ punja3377,
2018-05-13 19:50 ~ yrim33,
2018-05-13 19:51 ~ faizankofficial,
2018-05-13 19:52 ~ yourbodyyourlif3,
2018-05-13 19:54 ~ destructor1337,
2018-05-13 19:55 ~ _shoaibsyed,
2018-05-13 19:58 ~ displayfit,
2018-05-13 20:04 ~ sunday_dog,
2018-05-13 20:04 ~ krishnapamarti.kp,
2018-05-13 20:06 ~ sportikanutrition,
2018-05-13 20:06 ~ mensphysique_model,
2018-05-13 20:10 ~ naughtyhyderabadiyan,
2018-05-13 20:14 ~ arzaanmalik5001,
2018-05-13 20:15 ~ _amaria09,
2018-05-13 20:19 ~ syedshafi77,
2018-05-13 20:21 ~ boomnayongni,
2018-05-13 20:27 ~ khal_is_the_name,
2018-05-13 20:32 ~ mathies_h,
2018-05-13 20:34 ~ beyzoom_daniel,
2018-05-13 20:35 ~ ultra_1980,
2018-05-13 20:37 ~ psteiner95,
2018-05-13 20:39 ~ eduardfritzler12,
2018-05-13 20:40 ~ reino.s22,
2018-05-13 20:41 ~ bobbay83,
2018-05-13 20:41 ~ lucky_ibrahim15,
2018-05-13 20:43 ~ dm_fitness21,
2018-05-13 20:46 ~ jfitness_official,
2018-05-13 20:54 ~ badraam_band,
2018-05-13 20:57 ~ mikecapfit88,
2018-05-13 20:58 ~ love_lovers_com,
2018-05-13 21:00 ~ sahjad3199,
2018-05-13 21:03 ~ azlaanpasha,
2018-05-13 21:04 ~ puspathapa014,
2018-05-13 21:11 ~ karl.winberg,
2018-05-13 21:16 ~ hmcoolguys,
2018-05-13 21:17 ~ alanfletcher9177,
2018-05-13 21:24 ~ shirtless_hyderabadis,
2018-05-13 21:24 ~ thesilkyprince,
2018-05-13 21:25 ~ yacinjm,
2018-05-13 21:25 ~ advocate_sameerllb,
2018-05-13 21:35 ~ power_lifting_strong,
2018-05-13 21:37 ~ vinaychauhan719,
2018-05-13 21:40 ~ greg_kolbiarz,
2018-05-13 21:43 ~ scorsese_jr,
2018-05-13 21:45 ~ plethoraoffitness,
2018-05-13 21:48 ~ vickyshow_,
2018-05-13 21:52 ~ juned8406,
2018-05-13 21:53 ~ ogdoku,
2018-05-13 21:55 ~ mosinmn,
2018-05-13 21:57 ~ chinmaynalwaya,
2018-05-13 22:03 ~ nileshsatre17,
2018-05-13 22:04 ~ karanjotsingh825,
2018-05-13 22:06 ~ raj_d__,
2018-05-13 22:09 ~ arshdeep362,
2018-05-13 22:13 ~ nik_the_devil,
2018-05-13 22:16 ~ shivalkar_vancha,
2018-05-13 22:19 ~ mr.dev7,
2018-05-13 22:20 ~ chamorro_style671,
2018-05-13 22:21 ~ misha_vakaliuk,
2018-05-13 22:23 ~ ivanovjevgenij,
2018-05-13 22:24 ~ rautshatayu,
2018-05-13 22:29 ~ sadushikavishka,
2018-05-13 22:31 ~ laxmikant8497,
2018-05-13 22:32 ~ raees4554,
2018-05-13 22:36 ~ dpessh_sawant,
2018-05-13 22:36 ~ i_m_yaseen143,
2018-05-13 22:38 ~ classy_professional007,
2018-05-13 22:41 ~ neelala.riya,
2018-05-13 22:43 ~ khris_ac82,
2018-05-13 22:46 ~ princeobaid821,
2018-05-13 22:57 ~ sa.nju8670,
2018-05-13 22:58 ~ kh_al_il._.se_b_aa,
2018-05-13 23:01 ~ __.killer_stuff.__,
2018-05-13 23:05 ~ jaffferkaseri,
2018-05-13 23:10 ~ mohit.mewani,
2018-05-13 23:11 ~ abderrahman.abdel,
2018-05-13 23:13 ~ midhun_das,
2018-05-13 23:14 ~ travis.macdonald.9028,
2018-05-13 23:15 ~ ramzi_beast,
2018-05-13 23:15 ~ firdousnawab,
2018-05-13 23:17 ~ chutiamadan,
2018-05-13 23:19 ~ symbiotedaf,
2018-05-13 23:37 ~ andreasalisbb,
2018-05-14 00:07 ~ lavin_mo,
2018-05-14 00:13 ~ singh__navjot_singh,
2018-05-14 00:17 ~ peace_._._._,
2018-05-14 00:18 ~ prince_dhiman.k,
2018-05-14 00:22 ~ alexxkhan,
2018-05-14 00:34 ~ faton____z,
2018-05-14 00:36 ~ roop_kaur_sidhu,
2018-05-14 00:39 ~ edmbunny,
2018-05-14 00:41 ~ rapung_bui,
2018-05-14 00:49 ~ guri_saggu__,
2018-05-14 00:56 ~ anis_rourrou1,
2018-05-14 04:29 ~ gc_0511,
2018-05-14 04:32 ~ fitnes_matthew,
2018-05-14 04:39 ~ anshuman8211,
2018-05-14 04:40 ~ segundoperu18,
2018-05-14 04:53 ~ kyle_amer,
2018-05-14 04:54 ~ andrewshawpt,
2018-05-14 04:58 ~ shantanu_singh.patel153,
2018-05-14 05:15 ~ takipci.amcan,
2018-05-14 05:28 ~ rehansaiyad,
2018-05-14 05:28 ~ kamelsharief,
2018-05-14 05:36 ~ pulve_com,
2018-05-14 05:40 ~ punjabi_song__,
2018-05-14 05:42 ~ __i_am_p__,
2018-05-14 05:42 ~ nikhil_kapoor_1234,
2018-05-14 05:43 ~ timvdoe,
2018-05-14 05:49 ~ pattybolognino,
2018-05-14 05:52 ~ ilyasse_m8,
2018-05-14 07:03 ~ naveen.sain.14473,
2018-05-14 07:06 ~ kyle_amer,
2018-05-14 07:15 ~ mayank8948,
2018-05-14 07:24 ~ rik_patra,
2018-05-14 07:47 ~ oficialsameer5559khan,
2018-05-14 07:50 ~ rahulbacchu,
2018-05-14 07:54 ~ nikhil_kapoor_1234,
2018-05-14 07:57 ~ teegan_ms,
2018-05-14 08:01 ~ haiderali45_,
2018-05-14 08:02 ~ johnkastro2000,
2018-05-14 08:18 ~ londhe8466,
2018-05-14 08:24 ~ shrkharpundhir,
2018-05-14 08:29 ~ timmy_gallaher,
2018-05-14 08:36 ~ sidha_haryana_se,
2018-05-14 08:45 ~ gagan_sandhu3,
2018-05-14 08:57 ~ sajan6467,
2018-05-14 09:02 ~ supro001,
2018-05-14 09:05 ~ vishal_samrala,
2018-05-14 11:14 ~ lotusgoon,
2018-05-14 11:21 ~ sarahcooksonpt,
2018-05-14 11:26 ~ sahil_khan_niyazi,
2018-05-14 11:45 ~ riffff__,
2018-05-14 11:49 ~ eva.lotti,
2018-05-14 11:58 ~ sorensen827,
2018-05-14 12:04 ~ fitness_educationn,
2018-05-14 12:13 ~ mysocialboosts,
2018-05-14 12:25 ~ bustie_josh,
2018-05-14 12:29 ~ mammidee,
2018-05-14 12:33 ~ sexyshop__,
2018-05-14 13:08 ~ p.joci28,
2018-05-14 13:13 ~ yourlastvish,
2018-05-14 13:16 ~ academyofhighperformance,
2018-05-14 13:19 ~ kamal_aziz11,
2018-05-14 13:29 ~ slater_777,
2018-05-14 13:31 ~ pragnyashishkhatua,
2018-05-14 13:48 ~ mysocialboosts,
2018-05-14 13:49 ~ jeffconelius,
2018-05-14 13:50 ~ alhumphriess,
2018-05-14 13:57 ~ phil_goodallpt,
2018-05-14 14:01 ~ marlinsophie,
2018-05-14 14:12 ~ vybefit,
2018-05-14 14:13 ~ kathipirinha,
2018-05-14 14:33 ~ mooreshredded,
2018-05-14 14:39 ~ drleonardoeugenio,
2018-05-14 14:45 ~ marco.vida_loca,
2018-05-14 14:49 ~ joshua.figueira,
2018-05-14 14:53 ~ francis_austingd,
2018-05-14 16:54 ~ mahmoud_safsaf,
2018-05-14 17:05 ~ tushu.mandan.9,
2018-05-14 17:12 ~ call.me.ao,
2018-05-14 17:17 ~ trendy_outfits_forgirls,
2018-05-14 17:23 ~ sugan_stn,
2018-05-14 17:30 ~ emalambrous,
2018-05-14 17:35 ~ sudeb_karmakar77,
2018-05-14 17:37 ~ bharatsinghwalia_fanpage,
2018-05-14 18:01 ~ owennottingham,
2018-05-14 19:23 ~ nads_skwats,
2018-05-14 19:35 ~ lkeaulana69,
2018-05-14 19:36 ~ gray_gains,
2018-05-14 19:41 ~ mohammed.aldakhlallah,
2018-05-14 19:45 ~ brainjock,
2018-05-14 19:48 ~ tward1220,
2018-05-14 19:53 ~ noahmmachado,
2018-05-14 20:14 ~ girthbrooksss,
2018-05-14 20:18 ~ johnny.deadlift,
2018-05-14 20:25 ~ jeffrosmith01,
2018-05-14 20:37 ~ dmitroselnichek,
2018-05-14 20:48 ~ ehd76,
2018-05-15 09:43 ~ msolive31512,
2018-05-15 10:32 ~ josephperrierlloyd,
2018-05-15 10:42 ~ nguyen2fit,
2018-05-15 10:54 ~ triple.m.fitness_,
2018-05-15 11:14 ~ derekpass_61,
2018-05-15 11:23 ~ justbe_human,
2018-05-15 12:00 ~ masonlush,
2018-05-15 12:30 ~ michael_bridges1,
2018-05-15 12:31 ~ brenda_loseweight,
2018-05-15 12:33 ~ palvinder_singhh,
2018-05-15 12:36 ~ la_fitness92,
2018-05-15 12:59 ~ robbiesmith112,
2018-05-15 14:05 ~ crossfitheerenveen,
2018-05-15 14:50 ~ fitness_and_meals,
2018-05-15 14:51 ~ bruceborlaza,
2018-05-15 15:08 ~ mikeyfit1990,
2018-05-15 15:23 ~ nikolai.frd,
2018-05-15 15:28 ~ rockingsalman16,
2018-05-15 19:03 ~ mandy_mac67,
2018-05-15 19:14 ~ samsonhydar,
2018-05-15 19:29 ~ nina_rosca,
2018-05-15 19:40 ~ latinfranck,
2018-05-15 19:52 ~ gyencha3,
2018-05-15 19:55 ~ ksjamsheer,
2018-05-15 20:11 ~ danielrosenstrom,
2018-05-15 20:13 ~ cubanoctopus,
2018-05-15 20:22 ~ federico_7,
2018-05-15 20:38 ~ roanwar,
2018-05-15 20:44 ~ diegochelaliche,
2018-05-15 20:48 ~ bodypower_fitness,
2018-05-15 21:25 ~ isiahwillums,
2018-05-15 21:34 ~ _world_of_taste_,
2018-05-15 21:38 ~ gym_guy_10,
2018-05-15 21:46 ~ henwiirii,
2018-05-15 21:50 ~ faithandgrace_aesthetics,
2018-05-15 21:50 ~ aramis_homme,
2018-05-15 21:54 ~ racestringer,
2018-05-15 21:58 ~ tasialafond,
2018-05-15 22:01 ~ getupandgrindfitness,
2018-05-15 22:04 ~ mantisssss1,
2018-05-15 22:13 ~ jemsonlimbu,
2018-05-15 22:39 ~ sergeyyagotin,
2018-05-16 01:14 ~ azeriosthecat,
2018-05-16 01:29 ~ preet_the_royal_soul,
2018-05-16 01:59 ~ theadrianaragon,
2018-05-16 02:03 ~ loefu1860,
2018-05-16 02:19 ~ thegoldboy_ifbb,
2018-05-16 02:33 ~ albertstayfit,
2018-05-16 02:55 ~ stephancoetsee1,
2018-05-16 03:05 ~ boost.insta_foll0wers_here.767,
2018-05-16 03:19 ~ melanatedpoet,
2018-05-16 03:21 ~ bray.kylie,
2018-05-16 03:28 ~ de50ae7,
2018-05-16 03:29 ~ daniel_the_brah,
2018-05-16 03:37 ~ gussieex8,
2018-05-16 05:17 ~ insainigainz,
2018-05-16 05:23 ~ l1zrd_,
2018-05-16 05:24 ~ wesleypg18,
2018-05-16 08:35 ~ erickmarin_10,
2018-05-16 08:46 ~ hikin_n_drinkin,
2018-05-16 08:47 ~ joselucaspassos,
2018-05-16 08:48 ~ nickjwhite96,
2018-05-16 09:05 ~ bodacious_jojo,
2018-05-16 09:10 ~ michael.s.osgood,
2018-05-16 09:12 ~ wasted_ninja,
2018-05-16 09:18 ~ gutijon1986,
2018-05-16 09:26 ~ yashmuthoo,
2018-05-16 09:30 ~ balaskovits29,
2018-05-16 09:35 ~ mikecapfit88,
2018-05-16 10:24 ~ rao__amish,
2018-05-16 10:34 ~ pop7983,
2018-05-16 10:50 ~ brodex13,
2018-05-16 10:55 ~ the_devilape,
2018-05-16 10:59 ~ krystallt__,
2018-05-16 11:05 ~ not_malachi,
2018-05-16 11:08 ~ grantastic2000,
2018-05-16 11:22 ~ ivan_the_wanderer,
2018-05-16 11:27 ~ jeet_fitness_official,
2018-05-16 12:18 ~ missmeganel,
2018-05-16 12:29 ~ truhealthfitness,
2018-05-16 15:44 ~ shaheenparveen1687,
2018-05-16 15:45 ~ 19mo92,
2018-05-16 15:49 ~ tiny_sarah,
2018-05-16 15:54 ~ hulkyj,
2018-05-16 16:00 ~ abhishekg7776,
2018-05-16 17:29 ~ catalin_245,
2018-05-16 17:31 ~ tudoracheandrei90,
2018-05-16 17:35 ~ grailfitness,
2018-05-16 18:03 ~ _the_hill,
2018-05-16 18:10 ~ connie_k_xoxo,
2018-05-16 18:50 ~ chris.anseeuw,
2018-05-16 18:53 ~ rarrestamaian,
2018-05-16 19:09 ~ bumfuzzle.d,
2018-05-16 19:11 ~ petebaggy,
2018-05-16 19:21 ~ jordan_bray,
2018-05-16 19:39 ~ gabimatoliv,
2018-05-16 19:43 ~ anawesomewoman,
2018-05-16 19:48 ~ roch_ultimate,
2018-05-16 19:49 ~ hassanelhadirifit,
2018-05-16 19:54 ~ wagner_saucedo,
2018-05-16 20:07 ~ itspiumi,
2018-05-16 20:14 ~ 63.51809491,
2018-05-16 20:23 ~ bastiian_ka,
2018-05-16 20:28 ~ hahaha_cool_2004,
2018-05-16 20:32 ~ therealcanalla_18,
2018-05-16 20:36 ~ mariorolan,
2018-05-16 20:41 ~ blossom_anand,
2018-05-16 21:18 ~ will.bk,
2018-05-16 21:21 ~ c.sharp85,
2018-05-16 21:26 ~ lejongo,
2018-05-16 21:33 ~ anton_ference,
2018-05-16 21:38 ~ imhakheem,
2018-05-16 21:40 ~ macadocious345,
2018-05-16 21:42 ~ emmanuel_banks_,
2018-05-16 21:45 ~ fbsanchez_92,
2018-05-16 21:49 ~ grayson_26,
2018-05-16 21:49 ~ christianphyfier,
2018-05-16 21:53 ~ hamsamwtch,
2018-05-16 21:53 ~ harrywaller__,
2018-05-16 21:58 ~ joshy_washey,
2018-05-16 22:11 ~ pedja_jeronimo,
2018-05-16 22:27 ~ lifestyle_motivation_loa,
2018-05-16 23:00 ~ logan_theodore_,
2018-05-16 23:10 ~ kennyloveswwe,
2018-05-16 23:11 ~ nikita.alimushkin,
2018-05-17 01:01 ~ rene.pi,
2018-05-17 01:14 ~ vhugoeq,
2018-05-17 01:23 ~ m_babmash,
2018-05-17 01:29 ~ kovalsky_jon,
2018-05-17 01:29 ~ syed_moiz3,
2018-05-17 01:47 ~ gymfiteat,
2018-05-17 01:48 ~ kartasinskipiotr,
2018-05-17 01:51 ~ louise_sw_x1,
2018-05-17 01:56 ~ jjfitnessbirmingham,
2018-05-17 02:02 ~ bk_gymhealthandfitness,
2018-05-17 02:09 ~ katacvikova,
2018-05-17 02:25 ~ migdaliagarcia61,
2018-05-17 02:28 ~ hashiralisonu,
2018-05-17 02:48 ~ digitalfistfight,
2018-05-17 02:53 ~ scottwilson112,
2018-05-17 02:55 ~ ralliphotography,
2018-05-17 03:04 ~ camacho_fit,
2018-05-17 03:18 ~ dill182,
2018-05-17 03:22 ~ hmdbrhymhmdywsf,
2018-05-17 03:31 ~ gabearchuleta,
2018-05-17 03:35 ~ kd.bt3,
2018-05-17 03:40 ~ m1akel,
2018-05-17 03:45 ~ thomsonremo,
2018-05-17 03:48 ~ _namary_,
2018-05-17 04:02 ~ christian_contursi,
2018-05-17 04:04 ~ powerthrupain,
2018-05-17 04:07 ~ palmai.zsolt,
2018-05-17 04:07 ~ _scarcia_,
2018-05-17 04:12 ~ tudymora,
2018-05-17 04:16 ~ waziralam488,
2018-05-17 04:19 ~ nivetha_thomas_123,
2018-05-17 04:24 ~ arildknu,
2018-05-17 04:29 ~ norbs55,
2018-05-17 04:33 ~ salokhiddin31,
2018-05-17 04:35 ~ codyjaismith,
2018-05-17 04:40 ~ kozlovfit,
2018-05-17 04:57 ~ thetylerleo,
2018-05-17 05:06 ~ braianbenitez0,
2018-05-17 05:11 ~ papabearmike,
2018-05-17 05:16 ~ lizaram89,
2018-05-17 05:40 ~ laine_micka,
2018-05-17 05:44 ~ cocoyhbl,
2018-05-17 05:49 ~ timmycollins3,
2018-05-17 05:54 ~ loredoll,
2018-05-17 06:00 ~ i_vaibhav_gupta,
2018-05-17 06:12 ~ efd704,
2018-05-17 06:14 ~ jenidodge,
2018-05-17 06:23 ~ justin_sane_xl,
2018-05-17 06:33 ~ j.a___official,
2018-05-17 06:57 ~ shadappaul,
2018-05-17 07:06 ~ imrealfishy,
2018-05-17 07:13 ~ mwyman75,
2018-05-17 08:42 ~ livin.the.sweat.life,
2018-05-17 08:56 ~ miss__dollface,
2018-05-17 09:01 ~ kary_let,
2018-05-17 09:06 ~ zhu_hailin,
2018-05-17 09:09 ~ tvardtvard,
2018-05-17 09:19 ~ anleob92,
2018-05-17 09:37 ~ jesuscuevas1287,
2018-05-17 09:49 ~ thepacifictuna,
2018-05-17 10:02 ~ meggieli,
2018-05-17 10:25 ~ limitlessfitness_apparel,
2018-05-17 10:29 ~ kyletfoley,
2018-05-18 08:26 ~ book_of_matches,
2018-05-18 08:58 ~ olmstead1044,
2018-05-18 09:00 ~ thelifeofciaraa,
2018-05-18 11:48 ~ louisan7234,
2018-05-18 12:08 ~ asthetikdesign,
2018-05-18 12:58 ~ first_steps_fitness_coaching,
2018-05-18 13:44 ~ style_your_body_2018,
2018-05-18 13:56 ~ horacejallah,
2018-05-18 14:22 ~ jesusmonterogb,
2018-05-18 14:27 ~ lokz_bryz,
2018-05-18 14:29 ~ n123456665,
2018-05-18 14:35 ~ johnny_gomez22,
2018-05-18 14:36 ~ albgarfit,
2018-05-18 14:54 ~ http.matildaa,
2018-05-18 20:11 ~ hamerindo,
2018-05-18 20:23 ~ christian.calloway.fitness,
2018-05-18 20:36 ~ jezrozdarz,
2018-05-18 20:46 ~ ariaschristy,
2018-05-18 20:50 ~ dub_step_01,
2018-05-18 21:00 ~ gnen_x,
2018-05-18 21:37 ~ deluxe_puppies,
2018-05-18 21:42 ~ b_boy_flexy_gudda,
2018-05-18 21:52 ~ jakeybourne,
2018-05-19 08:44 ~ jamboys5913,
2018-05-19 08:48 ~ raeesbaloch,
2018-05-19 09:08 ~ ayla_love1243,
2018-05-19 09:38 ~ joca_king82,
2018-05-19 09:52 ~ genecalungsod,
2018-05-19 10:09 ~ body_by_mae,
2018-05-19 10:14 ~ chaneltoriel,
2018-05-19 10:33 ~ s5fiddy,
2018-05-19 10:39 ~ jaquevontrapp,
2018-05-19 10:44 ~ kour__model,
2018-05-19 10:50 ~ khanali78687,
2018-05-19 11:04 ~ iam_raghuma,
2018-05-19 11:08 ~ buy_insta_followers00,
2018-05-19 13:38 ~ cerianimatteo,
2018-05-19 14:01 ~ keithzoeteman,
2018-05-19 14:12 ~ rajji_20,
2018-05-19 14:23 ~ dholbrook2425,
2018-05-19 14:28 ~ chris.colburn.52,
2018-05-19 15:16 ~ hadaenmeso,
2018-05-19 15:24 ~ tabrizsaba.furniture,
2018-05-19 15:29 ~ fitsupplements_online,
2018-05-19 20:57 ~ bethany.mills13,
2018-05-19 21:09 ~ dawson_gardner,
2018-05-19 21:14 ~ marco_senno,
2018-05-19 21:20 ~ tedy_sw,
2018-05-19 21:26 ~ myra_cummings,
2018-05-19 21:31 ~ jordiromero_ifbbpro,
2018-05-19 21:36 ~ setyawandedi700,
2018-05-19 21:44 ~ absolute_fitness__,
2018-05-19 22:01 ~ albertt_sb,
2018-05-19 22:05 ~ kimberley.thompson,
2018-05-19 22:10 ~ markonemoto,
2018-05-19 22:15 ~ win_wins_situations,
2018-05-19 22:22 ~ andrew.nicholson.9026,
2018-05-19 22:28 ~ cbelk,
2018-05-19 22:33 ~ kip.page,
2018-05-21 00:54 ~ projectbigdaddy,
2018-05-21 00:57 ~ prabhatbadarshahi,
2018-05-21 01:25 ~ anzil______anzii,
2018-05-21 01:34 ~ rajshree786,
2018-05-21 02:03 ~ to_lift_or_not_to_lift,
2018-05-21 02:04 ~ the_real_yanin,
2018-05-21 02:16 ~ joeyice,
2018-05-21 18:55 ~ mkluttrell81,
2018-05-21 20:24 ~ newshazendegi,
2018-05-21 20:40 ~ josephwardd_,
2018-05-21 20:47 ~ sykesm12,
2018-05-21 21:31 ~ pride_vs_humility,
2018-05-21 21:38 ~ salcocuzza,
2018-05-21 21:53 ~ manishrawatufc2k196,
2018-05-21 21:57 ~ om.bracelets,
2018-05-21 22:06 ~ bodybuilding.art,
2018-05-21 22:11 ~ the_n_s_kid,
2018-05-21 22:24 ~ erniemabee,
2018-05-21 22:41 ~ yogirajsinh__parmar,
2018-05-21 22:50 ~ aaronward5630,
2018-05-21 22:55 ~ i_am_tawwab_77,
2018-05-21 23:01 ~ wonkoo1919,
2018-05-21 23:05 ~ gar_fit_kel,
2018-05-21 23:07 ~ melquisedec_orozco,
2018-05-21 23:14 ~ mind_hacker_sahil,
2018-05-21 23:24 ~ rick20mdl,
2018-05-21 23:33 ~ mostafaomar6093,
2018-05-21 23:40 ~ patrick_thedream,
2018-05-21 23:49 ~ ferit_10,
2018-05-21 23:54 ~ christian_hartigan,
2018-05-22 00:02 ~ mick_fits,
2018-05-22 00:22 ~ matt_anderson_bass,
2018-05-22 00:26 ~ sandy_john75,
2018-05-22 00:41 ~ kimzahler,
2018-05-22 01:11 ~ mo_fit_1317,
2018-05-22 06:29 ~ ian.pallares,
2018-05-22 06:30 ~ beingthesource,
2018-05-22 06:43 ~ lifeofsarahlena,
2018-05-22 06:47 ~ eduardo.gtzc,
2018-05-22 06:50 ~ health._home,
2018-05-22 07:08 ~ joaosalina,
2018-05-22 07:12 ~ alejanndroorozco,
2018-05-22 07:20 ~ stickshooteriv,
2018-05-22 07:24 ~ ralph_fitness,
2018-05-22 07:35 ~ ismail_el_horchi_disko,
2018-05-22 07:47 ~ coach_natalia,
2018-05-22 10:33 ~ summerg_fitness,
2018-05-22 10:38 ~ kingrobertz,
2018-05-22 10:44 ~ roakramfitness,
2018-05-22 11:10 ~ martinluthershylon,
2018-05-22 11:15 ~ dastpokht,
2018-05-22 11:16 ~ _aranowskigeorge_,
2018-05-22 11:19 ~ _tony_v2.0,
2018-05-22 11:31 ~ fat_lazy_gardener,
2018-05-22 11:37 ~ sebomoves,
2018-05-22 11:46 ~ tropic.thunder95,
2018-05-22 11:47 ~ mrsqshfq,
2018-05-22 12:03 ~ and_amaya,
2018-05-22 12:27 ~ kebit__,
2018-05-22 12:37 ~ ashok3941,
2018-05-22 12:43 ~ laurentiu_manea,
2018-05-22 12:48 ~ dd_virgil,
2018-05-22 12:56 ~ i.am_pawan,
2018-05-22 13:04 ~ yadav_raj_deepak,
2018-05-22 13:15 ~ bye_brandon,
2018-05-22 13:23 ~ anjalimehta132,
2018-05-22 13:27 ~ nikkig2791,
2018-05-22 13:45 ~ pawelek_gohan,
2018-05-22 13:50 ~ the_dark_world_official,
2018-05-22 13:59 ~ timothy2118,
2018-05-22 14:09 ~ darren_miao,
2018-05-22 14:23 ~ coffingrounds,
2018-05-23 11:05 ~ jgoad1026,
2018-05-23 11:18 ~ sameer_james_,
2018-05-23 11:22 ~ alinastatz,
2018-05-23 11:23 ~ becausemuscles,
2018-05-23 11:39 ~ anthonykeston,
2018-05-23 11:53 ~ csimoes27,
2018-05-23 11:58 ~ justsayolala,
2018-05-23 12:03 ~ oenomel.pris,
2018-05-24 10:55 ~ ashley.arch1,
2018-05-27 16:29 ~ miss.stevenson,
2018-05-27 16:44 ~ androo91,
2018-05-27 16:49 ~ _david.zeman_,
2018-05-27 17:07 ~ _stanislav_angelov,
2018-05-27 17:13 ~ salvador_02,
2018-05-27 17:34 ~ sneadlifts,
2018-05-27 17:35 ~ kehonpainoilijaantti,
2018-05-27 17:52 ~ dthaesthetics,
2018-05-27 18:20 ~ grademarlon,
2018-05-27 18:33 ~ elviselifit,
2018-05-27 18:39 ~ fitimhassani,
2018-05-27 18:46 ~ tippetsgin,
2018-05-27 18:58 ~ catenajoe,
2018-05-27 19:00 ~ adil.bepari,
2018-05-27 19:02 ~ seantrennan,
2018-05-27 19:05 ~ thick__meat,
2018-05-27 19:07 ~ _claaaa,
2018-05-27 19:11 ~ michael_porsovigan,
2018-05-27 19:15 ~ dbebernes,
2018-05-27 19:38 ~ johny.dubiel,
2018-05-27 19:55 ~ hockeycheran,
2018-05-27 19:58 ~ assa_6,
2018-05-27 20:00 ~ lmystrw5172,
2018-05-27 20:09 ~ tallw_balasyam,
2018-05-27 20:13 ~ mouslih_sw,
2018-05-27 20:19 ~ renana.cruz,
2018-05-27 20:21 ~ saad__xxp,
2018-05-27 20:39 ~ almighty_mp,
2018-05-27 20:51 ~ ijrpakingan,
2018-05-27 21:02 ~ manishdadwal190,
2018-05-27 21:03 ~ thecarmonalife,
2018-05-27 21:08 ~ cobaltmetaldesigns,
2018-05-27 21:30 ~ prince_934,
2018-05-27 21:35 ~ rohitaryansinghaal,
2018-05-27 21:42 ~ alizu_momin,
2018-05-27 21:44 ~ nabeelrana3668,
2018-05-27 21:47 ~ ujer_shaikh9876,
2018-05-27 21:48 ~ __c_a_n_d_y__143,
2018-05-27 21:53 ~ thefollowstore,
2018-05-27 22:12 ~ bobby_ross,
2018-05-27 22:17 ~ philippe.bissonzo,
2018-05-27 22:30 ~ savdeep_narwal2,
2018-05-27 22:31 ~ shailendra.thakur.5015,
2018-05-27 22:34 ~ realmadrid13ns,
2018-05-27 22:48 ~ arrestingone,
2018-05-27 22:56 ~ 11smit,
2018-05-27 22:59 ~ afsarsheikh3323,
2018-05-27 23:02 ~ _vijay_________,
2018-05-27 23:20 ~ fergalocoart,
2018-05-27 23:32 ~ krishan7373,
2018-05-27 23:47 ~ shaik7106,
2018-05-27 23:49 ~ pat_mccorfit,
2018-05-27 23:52 ~ vishal_rathod1995,
2018-05-27 23:57 ~ bhumeshwarraom,
2018-05-28 00:00 ~ nikhil.khatri.925,
2018-05-28 00:02 ~ ronypatel9063,
2018-05-28 00:05 ~ ___surajtambe_____,
2018-05-28 00:07 ~ yogeshsuvarna17,
2018-05-28 00:08 ~ sukantabhatta,
2018-05-28 00:14 ~ kamiltalukdar,
2018-05-28 00:28 ~ emexcrest,
2018-05-28 00:30 ~ satyamchaudhary304,
2018-05-28 00:33 ~ fitnessfreaksshoutout,
2018-05-28 00:37 ~ pra_bandi,
2018-05-28 00:53 ~ ashish.cp,
2018-05-28 00:54 ~ laksh_raj,
2018-05-28 01:02 ~ ashkl1134,
2018-05-28 02:26 ~ tkgil237,
2018-05-28 02:54 ~ beta_grey,
2018-05-28 03:09 ~ shadrick_m_kasonde,
2018-05-28 03:14 ~ toba_yes_g,
2018-05-28 03:15 ~ cookiemofo17,
2018-05-28 03:26 ~ ariellsoncapoeira_fit,
2018-05-28 03:37 ~ abe_kader,
2018-05-28 10:12 ~ damangp,
2018-05-28 10:18 ~ amandalivinglife,
2018-05-28 10:23 ~ mulitchana,
2018-05-28 10:27 ~ aviatior_trev,
2018-05-28 10:38 ~ dunaway_jr,
2018-05-28 10:50 ~ stayfittraveller,
2018-05-29 07:33 ~ chris.mercer01,
2018-05-29 07:40 ~ hoopertm192,
2018-05-29 07:50 ~ stringmaster87,
2018-05-29 07:52 ~ ashpazi.66,
2018-05-29 08:01 ~ marcandrelaforge,
2018-05-29 08:09 ~ prophetprojects,
2018-05-29 08:19 ~ strongmariastrong,
2018-05-29 08:24 ~ favianilicious,
2018-05-29 08:31 ~ walchererich,
2018-05-29 08:36 ~ lorigilbert123,
2018-05-29 08:40 ~ funfittn,
2018-05-29 08:46 ~ regie_aes,
2018-05-29 08:53 ~ farmergettingfit,
2018-05-29 08:59 ~ jimmys217,
2018-05-29 09:03 ~ be.well.chiro,
2018-05-29 09:04 ~ ameenjradi,
2018-05-29 09:08 ~ jckdinsd,
2018-05-29 09:15 ~ remity723,
2018-05-29 09:31 ~ jeremii.i,
2018-05-29 09:36 ~ palypsn,
2018-05-29 09:46 ~ oli_guillemette,
2018-05-29 09:52 ~ _vankenny,
2018-05-29 09:55 ~ drlelis,
2018-05-29 18:25 ~ ale_ma_2608,
2018-05-30 08:16 ~ juan_pablo_pj,
2018-05-30 08:18 ~ eir.fitness,
2018-05-30 08:23 ~ gainz9824,
2018-05-30 11:28 ~ eden_ef,
2018-05-30 11:38 ~ jaykebrwn,
2018-05-30 11:39 ~ cockermarcel,
2018-05-30 12:07 ~ harish_khernar,
2018-05-30 12:16 ~ day_to_deadlift,
2018-05-30 12:19 ~ gwen_mai_fitness_girl,
2018-05-30 16:22 ~ health._home,
2018-05-30 16:32 ~ iamxsteffy,
2018-06-01 00:18 ~ ggyymmotivations,
2018-06-01 22:18 ~ chrissaykally,
2018-06-01 22:23 ~ yussrammar,
2018-06-01 22:26 ~ scott_garich_fitness,
2018-06-02 12:00 ~ andrewsbanuelos,
2018-06-02 12:21 ~ inder_singh_9,
2018-06-03 11:46 ~ darin_berger,
2018-06-03 11:54 ~ lutinskij,
